
  .   ____          _            __ _ _
 /\\ / ___'_ __ _ _(_)_ __  __ _ \ \ \ \
( ( )\___ | '_ | '_| | '_ \/ _` | \ \ \ \
 \\/  ___)| |_)| | | | | || (_| |  ) ) ) )
  '  |____| .__|_| |_|_| |_\__, | / / / /
 =========|_|==============|___/=/_/_/_/
 :: Spring Boot ::                (v3.2.5)

2025-12-10T16:10:10.890+08:00  INFO 93653 --- [asset-service] [           main] com.shenzhewei.asset.AssetApplication    : Starting AssetApplication using Java 21.0.9 with PID 93653 (/home/ryan/accont-book/microservices/asset-service/target/asset-service-1.0.0-SNAPSHOT.jar started by ryan in /home/ryan/accont-book/microservices)
2025-12-10T16:10:10.892+08:00 DEBUG 93653 --- [asset-service] [           main] com.shenzhewei.asset.AssetApplication    : Running with Spring Boot v3.2.5, Spring v6.1.6
2025-12-10T16:10:10.893+08:00  INFO 93653 --- [asset-service] [           main] com.shenzhewei.asset.AssetApplication    : No active profile set, falling back to 1 default profile: "default"
2025-12-10T16:10:12.242+08:00  INFO 93653 --- [asset-service] [           main] o.s.cloud.context.scope.GenericScope     : BeanFactory id=45f0fd52-ef36-32eb-9764-104ac94e5f46
2025-12-10T16:10:12.530+08:00  WARN 93653 --- [asset-service] [           main] trationDelegate$BeanPostProcessorChecker : Bean 'org.springframework.cloud.client.loadbalancer.LoadBalancerAutoConfiguration$LoadBalancerInterceptorConfig' of type [org.springframework.cloud.client.loadbalancer.LoadBalancerAutoConfiguration$LoadBalancerInterceptorConfig] is not eligible for getting processed by all BeanPostProcessors (for example: not eligible for auto-proxying). The currently created BeanPostProcessor [lbRestClientPostProcessor] is declared through a non-static factory method on that class; consider declaring it as static instead.
2025-12-10T16:10:12.534+08:00  WARN 93653 --- [asset-service] [           main] trationDelegate$BeanPostProcessorChecker : Bean 'org.springframework.cloud.loadbalancer.config.BlockingLoadBalancerClientAutoConfiguration' of type [org.springframework.cloud.loadbalancer.config.BlockingLoadBalancerClientAutoConfiguration] is not eligible for getting processed by all BeanPostProcessors (for example: not eligible for auto-proxying). Is this bean getting eagerly injected into a currently created BeanPostProcessor [lbRestClientPostProcessor]? Check the corresponding BeanPostProcessor declaration and its dependencies.
2025-12-10T16:10:12.536+08:00  WARN 93653 --- [asset-service] [           main] trationDelegate$BeanPostProcessorChecker : Bean 'org.springframework.cloud.loadbalancer.config.LoadBalancerAutoConfiguration' of type [org.springframework.cloud.loadbalancer.config.LoadBalancerAutoConfiguration] is not eligible for getting processed by all BeanPostProcessors (for example: not eligible for auto-proxying). Is this bean getting eagerly injected into a currently created BeanPostProcessor [lbRestClientPostProcessor]? Check the corresponding BeanPostProcessor declaration and its dependencies.
2025-12-10T16:10:12.549+08:00  WARN 93653 --- [asset-service] [           main] trationDelegate$BeanPostProcessorChecker : Bean 'org.springframework.cloud.commons.config.CommonsConfigAutoConfiguration' of type [org.springframework.cloud.commons.config.CommonsConfigAutoConfiguration] is not eligible for getting processed by all BeanPostProcessors (for example: not eligible for auto-proxying). Is this bean getting eagerly injected into a currently created BeanPostProcessor [lbRestClientPostProcessor]? Check the corresponding BeanPostProcessor declaration and its dependencies.
2025-12-10T16:10:12.552+08:00  WARN 93653 --- [asset-service] [           main] trationDelegate$BeanPostProcessorChecker : Bean 'org.springframework.cloud.client.loadbalancer.LoadBalancerDefaultMappingsProviderAutoConfiguration' of type [org.springframework.cloud.client.loadbalancer.LoadBalancerDefaultMappingsProviderAutoConfiguration] is not eligible for getting processed by all BeanPostProcessors (for example: not eligible for auto-proxying). Is this bean getting eagerly injected into a currently created BeanPostProcessor [lbRestClientPostProcessor]? Check the corresponding BeanPostProcessor declaration and its dependencies.
2025-12-10T16:10:12.553+08:00  WARN 93653 --- [asset-service] [           main] trationDelegate$BeanPostProcessorChecker : Bean 'loadBalancerClientsDefaultsMappingsProvider' of type [org.springframework.cloud.client.loadbalancer.LoadBalancerDefaultMappingsProviderAutoConfiguration$$Lambda/0x000071d2d4460250] is not eligible for getting processed by all BeanPostProcessors (for example: not eligible for auto-proxying). Is this bean getting eagerly injected into a currently created BeanPostProcessor [lbRestClientPostProcessor]? Check the corresponding BeanPostProcessor declaration and its dependencies.
2025-12-10T16:10:12.556+08:00  WARN 93653 --- [asset-service] [           main] trationDelegate$BeanPostProcessorChecker : Bean 'defaultsBindHandlerAdvisor' of type [org.springframework.cloud.commons.config.DefaultsBindHandlerAdvisor] is not eligible for getting processed by all BeanPostProcessors (for example: not eligible for auto-proxying). Is this bean getting eagerly injected into a currently created BeanPostProcessor [lbRestClientPostProcessor]? Check the corresponding BeanPostProcessor declaration and its dependencies.
2025-12-10T16:10:12.564+08:00  WARN 93653 --- [asset-service] [           main] trationDelegate$BeanPostProcessorChecker : Bean 'spring.cloud.loadbalancer-org.springframework.cloud.client.loadbalancer.LoadBalancerClientsProperties' of type [org.springframework.cloud.client.loadbalancer.LoadBalancerClientsProperties] is not eligible for getting processed by all BeanPostProcessors (for example: not eligible for auto-proxying). Is this bean getting eagerly injected into a currently created BeanPostProcessor [lbRestClientPostProcessor]? Check the corresponding BeanPostProcessor declaration and its dependencies.
2025-12-10T16:10:12.571+08:00  WARN 93653 --- [asset-service] [           main] trationDelegate$BeanPostProcessorChecker : Bean 'default.org.springframework.cloud.loadbalancer.config.LoadBalancerAutoConfiguration.LoadBalancerClientSpecification' of type [org.springframework.cloud.loadbalancer.annotation.LoadBalancerClientSpecification] is not eligible for getting processed by all BeanPostProcessors (for example: not eligible for auto-proxying). Is this bean getting eagerly injected into a currently created BeanPostProcessor [lbRestClientPostProcessor]? Check the corresponding BeanPostProcessor declaration and its dependencies.
2025-12-10T16:10:12.573+08:00  WARN 93653 --- [asset-service] [           main] trationDelegate$BeanPostProcessorChecker : Bean 'default.org.springframework.cloud.loadbalancer.config.BlockingLoadBalancerClientAutoConfiguration.LoadBalancerClientSpecification' of type [org.springframework.cloud.loadbalancer.annotation.LoadBalancerClientSpecification] is not eligible for getting processed by all BeanPostProcessors (for example: not eligible for auto-proxying). Is this bean getting eagerly injected into a currently created BeanPostProcessor [lbRestClientPostProcessor]? Check the corresponding BeanPostProcessor declaration and its dependencies.
2025-12-10T16:10:12.574+08:00  WARN 93653 --- [asset-service] [           main] trationDelegate$BeanPostProcessorChecker : Bean 'loadBalancerClientFactory' of type [org.springframework.cloud.loadbalancer.support.LoadBalancerClientFactory] is not eligible for getting processed by all BeanPostProcessors (for example: not eligible for auto-proxying). Is this bean getting eagerly injected into a currently created BeanPostProcessor [lbRestClientPostProcessor]? Check the corresponding BeanPostProcessor declaration and its dependencies.
2025-12-10T16:10:12.581+08:00  WARN 93653 --- [asset-service] [           main] trationDelegate$BeanPostProcessorChecker : Bean 'blockingLoadBalancerClient' of type [org.springframework.cloud.loadbalancer.blocking.client.BlockingLoadBalancerClient] is not eligible for getting processed by all BeanPostProcessors (for example: not eligible for auto-proxying). Is this bean getting eagerly injected into a currently created BeanPostProcessor [lbRestClientPostProcessor]? Check the corresponding BeanPostProcessor declaration and its dependencies.
2025-12-10T16:10:12.590+08:00  WARN 93653 --- [asset-service] [           main] trationDelegate$BeanPostProcessorChecker : Bean 'loadBalancerServiceInstanceCookieTransformer' of type [org.springframework.cloud.loadbalancer.core.LoadBalancerServiceInstanceCookieTransformer] is not eligible for getting processed by all BeanPostProcessors (for example: not eligible for auto-proxying). Is this bean getting eagerly injected into a currently created BeanPostProcessor [lbRestClientPostProcessor]? Check the corresponding BeanPostProcessor declaration and its dependencies.
2025-12-10T16:10:12.592+08:00  WARN 93653 --- [asset-service] [           main] trationDelegate$BeanPostProcessorChecker : Bean 'xForwarderHeadersTransformer' of type [org.springframework.cloud.loadbalancer.blocking.XForwardedHeadersTransformer] is not eligible for getting processed by all BeanPostProcessors (for example: not eligible for auto-proxying). Is this bean getting eagerly injected into a currently created BeanPostProcessor [lbRestClientPostProcessor]? Check the corresponding BeanPostProcessor declaration and its dependencies.
2025-12-10T16:10:12.595+08:00  WARN 93653 --- [asset-service] [           main] trationDelegate$BeanPostProcessorChecker : Bean 'org.springframework.cloud.client.loadbalancer.LoadBalancerAutoConfiguration' of type [org.springframework.cloud.client.loadbalancer.LoadBalancerAutoConfiguration] is not eligible for getting processed by all BeanPostProcessors (for example: not eligible for auto-proxying). Is this bean getting eagerly injected into a currently created BeanPostProcessor [lbRestClientPostProcessor]? Check the corresponding BeanPostProcessor declaration and its dependencies.
2025-12-10T16:10:12.597+08:00  WARN 93653 --- [asset-service] [           main] trationDelegate$BeanPostProcessorChecker : Bean 'loadBalancerRequestFactory' of type [org.springframework.cloud.client.loadbalancer.LoadBalancerRequestFactory] is not eligible for getting processed by all BeanPostProcessors (for example: not eligible for auto-proxying). Is this bean getting eagerly injected into a currently created BeanPostProcessor [lbRestClientPostProcessor]? Check the corresponding BeanPostProcessor declaration and its dependencies.
2025-12-10T16:10:12.599+08:00  WARN 93653 --- [asset-service] [           main] trationDelegate$BeanPostProcessorChecker : Bean 'loadBalancerInterceptor' of type [org.springframework.cloud.client.loadbalancer.LoadBalancerInterceptor] is not eligible for getting processed by all BeanPostProcessors (for example: not eligible for auto-proxying). Is this bean getting eagerly injected into a currently created BeanPostProcessor [lbRestClientPostProcessor]? Check the corresponding BeanPostProcessor declaration and its dependencies.
2025-12-10T16:10:12.922+08:00  INFO 93653 --- [asset-service] [           main] o.s.b.w.embedded.tomcat.TomcatWebServer  : Tomcat initialized with port 8082 (http)
2025-12-10T16:10:12.942+08:00  INFO 93653 --- [asset-service] [           main] o.apache.catalina.core.StandardService   : Starting service [Tomcat]
2025-12-10T16:10:12.943+08:00  INFO 93653 --- [asset-service] [           main] o.apache.catalina.core.StandardEngine    : Starting Servlet engine: [Apache Tomcat/10.1.20]
2025-12-10T16:10:12.984+08:00  INFO 93653 --- [asset-service] [           main] o.a.c.c.C.[Tomcat].[localhost].[/]       : Initializing Spring embedded WebApplicationContext
2025-12-10T16:10:12.986+08:00  INFO 93653 --- [asset-service] [           main] w.s.c.ServletWebServerApplicationContext : Root WebApplicationContext: initialization completed in 1970 ms
2025-12-10T16:10:16.352+08:00  WARN 93653 --- [asset-service] [           main] iguration$LoadBalancerCaffeineWarnLogger : Spring Cloud LoadBalancer is currently working with the default cache. While this cache implementation is useful for development and tests, it's recommended to use Caffeine cache in production.You can switch to using Caffeine cache, by adding it and org.springframework.cache.caffeine.CaffeineCacheManager to the classpath.
2025-12-10T16:10:16.373+08:00  INFO 93653 --- [asset-service] [           main] o.s.b.a.e.web.EndpointLinksResolver      : Exposing 2 endpoint(s) beneath base path '/actuator'
2025-12-10T16:10:16.427+08:00  INFO 93653 --- [asset-service] [           main] o.s.b.w.embedded.tomcat.TomcatWebServer  : Tomcat started on port 8082 (http) with context path ''
2025-12-10T16:10:16.434+08:00  INFO 93653 --- [asset-service] [           main] com.alibaba.nacos.client.naming          : initializer namespace from ans.namespace attribute : null
2025-12-10T16:10:16.437+08:00  INFO 93653 --- [asset-service] [           main] com.alibaba.nacos.client.naming          : initializer namespace from ALIBABA_ALIWARE_NAMESPACE attribute :null
2025-12-10T16:10:16.437+08:00  INFO 93653 --- [asset-service] [           main] com.alibaba.nacos.client.naming          : initializer namespace from namespace attribute :null
2025-12-10T16:10:16.437+08:00  INFO 93653 --- [asset-service] [       Thread-3] c.a.n.c.a.r.identify.CredentialWatcher   : null No credential found
2025-12-10T16:10:16.460+08:00  INFO 93653 --- [asset-service] [           main] c.alibaba.nacos.client.utils.ParamUtil   : [settings] [req-serv] nacos-server port:8848
2025-12-10T16:10:16.460+08:00  INFO 93653 --- [asset-service] [           main] c.alibaba.nacos.client.utils.ParamUtil   : [settings] [http-client] connect timeout:1000
2025-12-10T16:10:16.461+08:00  INFO 93653 --- [asset-service] [           main] c.alibaba.nacos.client.utils.ParamUtil   : PER_TASK_CONFIG_SIZE: 3000.0
2025-12-10T16:10:16.464+08:00  INFO 93653 --- [asset-service] [           main] c.a.n.p.a.s.c.ClientAuthPluginManager    : [ClientAuthPluginManager] Load ClientAuthService com.alibaba.nacos.client.auth.impl.NacosClientAuthServiceImpl success.
2025-12-10T16:10:16.465+08:00  INFO 93653 --- [asset-service] [           main] c.a.n.p.a.s.c.ClientAuthPluginManager    : [ClientAuthPluginManager] Load ClientAuthService com.alibaba.nacos.client.auth.ram.RamClientAuthServiceImpl success.
2025-12-10T16:10:16.474+08:00  INFO 93653 --- [asset-service] [           main] com.alibaba.nacos.common.remote.client   : [RpcClientFactory] create a new rpc client of 17b42352-95f6-4120-b83d-cf9434cdbccc
2025-12-10T16:10:16.491+08:00  INFO 93653 --- [asset-service] [           main] com.alibaba.nacos.client.naming          : Create naming rpc client for uuid->17b42352-95f6-4120-b83d-cf9434cdbccc
2025-12-10T16:10:16.492+08:00  INFO 93653 --- [asset-service] [           main] com.alibaba.nacos.common.remote.client   : [17b42352-95f6-4120-b83d-cf9434cdbccc] RpcClient init, ServerListFactory = com.alibaba.nacos.client.naming.core.ServerListManager
2025-12-10T16:10:16.492+08:00  INFO 93653 --- [asset-service] [           main] com.alibaba.nacos.common.remote.client   : [17b42352-95f6-4120-b83d-cf9434cdbccc] Registry connection listener to current client:com.alibaba.nacos.client.naming.remote.gprc.redo.NamingGrpcRedoService
2025-12-10T16:10:16.493+08:00  INFO 93653 --- [asset-service] [           main] com.alibaba.nacos.common.remote.client   : [17b42352-95f6-4120-b83d-cf9434cdbccc] Register server push request handler:com.alibaba.nacos.client.naming.remote.gprc.NamingPushRequestHandler
2025-12-10T16:10:16.496+08:00  INFO 93653 --- [asset-service] [           main] com.alibaba.nacos.common.remote.client   : [17b42352-95f6-4120-b83d-cf9434cdbccc] Try to connect to server on start up, server: {serverIp = 'localhost', server main port = 8848}
2025-12-10T16:10:16.522+08:00  INFO 93653 --- [asset-service] [           main] c.a.n.c.remote.client.grpc.GrpcClient    : grpc client connection server:localhost ip,serverPort:9848,grpcTslConfig:{"sslProvider":"","enableTls":false,"mutualAuthEnable":false,"trustAll":false}
2025-12-10T16:10:16.990+08:00  INFO 93653 --- [asset-service] [           main] c.a.n.c.a.AbstractAbilityControlManager  : Ready to get current node abilities...
2025-12-10T16:10:16.992+08:00  INFO 93653 --- [asset-service] [           main] c.a.n.c.a.AbstractAbilityControlManager  : Ready to initialize current node abilities, support modes: [SDK_CLIENT]
2025-12-10T16:10:16.993+08:00  INFO 93653 --- [asset-service] [           main] c.a.n.c.a.AbstractAbilityControlManager  : Initialize current abilities finish...
2025-12-10T16:10:16.994+08:00  INFO 93653 --- [asset-service] [           main] c.a.n.c.a.d.NacosAbilityManagerHolder    : [AbilityControlManager] Successfully initialize AbilityControlManager
2025-12-10T16:10:17.016+08:00  INFO 93653 --- [asset-service] [           main] com.alibaba.nacos.common.remote.client   : [17b42352-95f6-4120-b83d-cf9434cdbccc] Success to connect to server [localhost:8848] on start up, connectionId = 1765354216910_172.21.0.1_53970
2025-12-10T16:10:17.016+08:00  INFO 93653 --- [asset-service] [t.remote.worker] com.alibaba.nacos.common.remote.client   : [17b42352-95f6-4120-b83d-cf9434cdbccc] Notify connected event to listeners.
2025-12-10T16:10:17.016+08:00  INFO 93653 --- [asset-service] [t.remote.worker] com.alibaba.nacos.client.naming          : Grpc connection connect
2025-12-10T16:10:17.016+08:00  INFO 93653 --- [asset-service] [           main] com.alibaba.nacos.common.remote.client   : [17b42352-95f6-4120-b83d-cf9434cdbccc] Register server push request handler:com.alibaba.nacos.common.remote.client.RpcClient$ConnectResetRequestHandler
2025-12-10T16:10:17.017+08:00  INFO 93653 --- [asset-service] [           main] com.alibaba.nacos.common.remote.client   : [17b42352-95f6-4120-b83d-cf9434cdbccc] Register server push request handler:com.alibaba.nacos.common.remote.client.RpcClient$$Lambda/0x000071d2d47938e0
2025-12-10T16:10:17.018+08:00  INFO 93653 --- [asset-service] [           main] com.alibaba.nacos.client.naming          : [REGISTER-SERVICE] public registering service asset-service with instance Instance{instanceId='null', ip='10.255.255.254', port=8082, weight=1.0, healthy=true, enabled=true, ephemeral=true, clusterName='DEFAULT', serviceName='null', metadata={IPv6=null, preserved.register.source=SPRING_CLOUD}}
2025-12-10T16:10:17.039+08:00  INFO 93653 --- [asset-service] [           main] c.a.c.n.registry.NacosServiceRegistry    : nacos registry, DEFAULT_GROUP asset-service 10.255.255.254:8082 register finished
2025-12-10T16:10:18.043+08:00  INFO 93653 --- [asset-service] [           main] com.shenzhewei.asset.AssetApplication    : Started AssetApplication in 8.187 seconds (process running for 8.636)
2025-12-10T16:10:39.834+08:00  INFO 93653 --- [asset-service] [nio-8082-exec-1] o.a.c.c.C.[Tomcat].[localhost].[/]       : Initializing Spring DispatcherServlet 'dispatcherServlet'
2025-12-10T16:10:39.835+08:00  INFO 93653 --- [asset-service] [nio-8082-exec-1] o.s.web.servlet.DispatcherServlet        : Initializing Servlet 'dispatcherServlet'
2025-12-10T16:10:39.836+08:00  INFO 93653 --- [asset-service] [nio-8082-exec-1] o.s.web.servlet.DispatcherServlet        : Completed initialization in 1 ms
2025-12-10T16:10:39.874+08:00  INFO 93653 --- [asset-service] [nio-8082-exec-1] com.zaxxer.hikari.HikariDataSource       : HikariPool-1 - Starting...
2025-12-10T16:10:39.976+08:00  INFO 93653 --- [asset-service] [nio-8082-exec-1] com.zaxxer.hikari.pool.HikariPool        : HikariPool-1 - Added connection com.mysql.cj.jdbc.ConnectionImpl@776b5ac8
2025-12-10T16:10:39.978+08:00  INFO 93653 --- [asset-service] [nio-8082-exec-1] com.zaxxer.hikari.HikariDataSource       : HikariPool-1 - Start completed.
2025-12-10T16:12:45.444+08:00 DEBUG 93653 --- [asset-service] [nio-8082-exec-4] c.s.a.mapper.AssetMapper.findByUserId    : ==>  Preparing: SELECT id, user_id, name, balance, version, create_time FROM tb_asset WHERE user_id = ?
2025-12-10T16:12:45.461+08:00 DEBUG 93653 --- [asset-service] [nio-8082-exec-4] c.s.a.mapper.AssetMapper.findByUserId    : ==> Parameters: 1(Long)
2025-12-10T16:12:45.479+08:00 DEBUG 93653 --- [asset-service] [nio-8082-exec-4] c.s.a.mapper.AssetMapper.findByUserId    : <==      Total: 4
2025-12-10T16:12:45.722+08:00 DEBUG 93653 --- [asset-service] [nio-8082-exec-5] c.s.a.mapper.AssetMapper.findByUserId    : ==>  Preparing: SELECT id, user_id, name, balance, version, create_time FROM tb_asset WHERE user_id = ?
2025-12-10T16:12:45.722+08:00 DEBUG 93653 --- [asset-service] [nio-8082-exec-5] c.s.a.mapper.AssetMapper.findByUserId    : ==> Parameters: 1(Long)
2025-12-10T16:12:45.724+08:00 DEBUG 93653 --- [asset-service] [nio-8082-exec-5] c.s.a.mapper.AssetMapper.findByUserId    : <==      Total: 4
2025-12-10T16:12:45.750+08:00 DEBUG 93653 --- [asset-service] [nio-8082-exec-6] c.s.asset.mapper.AssetMapper.findById    : ==>  Preparing: SELECT id, user_id, name, balance, version, create_time FROM tb_asset WHERE id = ?
2025-12-10T16:12:45.750+08:00 DEBUG 93653 --- [asset-service] [nio-8082-exec-6] c.s.asset.mapper.AssetMapper.findById    : ==> Parameters: 1(Long)
2025-12-10T16:12:45.751+08:00 DEBUG 93653 --- [asset-service] [nio-8082-exec-6] c.s.asset.mapper.AssetMapper.findById    : <==      Total: 1
2025-12-10T16:12:45.777+08:00 DEBUG 93653 --- [asset-service] [nio-8082-exec-7] c.s.asset.mapper.AssetMapper.findById    : ==>  Preparing: SELECT id, user_id, name, balance, version, create_time FROM tb_asset WHERE id = ?
2025-12-10T16:12:45.777+08:00 DEBUG 93653 --- [asset-service] [nio-8082-exec-7] c.s.asset.mapper.AssetMapper.findById    : ==> Parameters: 99999(Long)
2025-12-10T16:12:45.778+08:00 DEBUG 93653 --- [asset-service] [nio-8082-exec-7] c.s.asset.mapper.AssetMapper.findById    : <==      Total: 0
2025-12-10T16:12:45.810+08:00 DEBUG 93653 --- [asset-service] [nio-8082-exec-8] c.s.asset.mapper.AssetMapper.insert      : ==>  Preparing: INSERT INTO tb_asset (user_id, name, balance, version, create_time) VALUES (?, ?, ?, ?, ?)
2025-12-10T16:12:45.812+08:00 DEBUG 93653 --- [asset-service] [nio-8082-exec-8] c.s.asset.mapper.AssetMapper.insert      : ==> Parameters: 1(Long), 测试账户(String), 1000.00(BigDecimal), 1(Integer), 2025-12-10T16:12:45.809283555(LocalDateTime)
2025-12-10T16:12:45.822+08:00 DEBUG 93653 --- [asset-service] [nio-8082-exec-8] c.s.asset.mapper.AssetMapper.insert      : <==    Updates: 1
2025-12-10T16:12:45.851+08:00 DEBUG 93653 --- [asset-service] [nio-8082-exec-9] c.s.asset.mapper.AssetMapper.findById    : ==>  Preparing: SELECT id, user_id, name, balance, version, create_time FROM tb_asset WHERE id = ?
2025-12-10T16:12:45.851+08:00 DEBUG 93653 --- [asset-service] [nio-8082-exec-9] c.s.asset.mapper.AssetMapper.findById    : ==> Parameters: 13(Long)
2025-12-10T16:12:45.852+08:00 DEBUG 93653 --- [asset-service] [nio-8082-exec-9] c.s.asset.mapper.AssetMapper.findById    : <==      Total: 1
2025-12-10T16:12:45.853+08:00 DEBUG 93653 --- [asset-service] [nio-8082-exec-9] c.s.asset.mapper.AssetMapper.updateName  : ==>  Preparing: UPDATE tb_asset SET name = ? WHERE id = ?
2025-12-10T16:12:45.853+08:00 DEBUG 93653 --- [asset-service] [nio-8082-exec-9] c.s.asset.mapper.AssetMapper.updateName  : ==> Parameters: 私房钱(String), 13(Long)
2025-12-10T16:12:45.859+08:00 DEBUG 93653 --- [asset-service] [nio-8082-exec-9] c.s.asset.mapper.AssetMapper.updateName  : <==    Updates: 1
2025-12-10T16:12:45.859+08:00  INFO 93653 --- [asset-service] [nio-8082-exec-9] c.s.asset.service.impl.AssetServiceImpl  : 资产名称更新成功: assetId=13, name=私房钱
2025-12-10T16:12:46.034+08:00 DEBUG 93653 --- [asset-service] [io-8082-exec-10] c.s.asset.mapper.AssetMapper.findById    : ==>  Preparing: SELECT id, user_id, name, balance, version, create_time FROM tb_asset WHERE id = ?
2025-12-10T16:12:46.034+08:00 DEBUG 93653 --- [asset-service] [io-8082-exec-10] c.s.asset.mapper.AssetMapper.findById    : ==> Parameters: 1(Long)
2025-12-10T16:12:46.035+08:00 DEBUG 93653 --- [asset-service] [io-8082-exec-10] c.s.asset.mapper.AssetMapper.findById    : <==      Total: 1
2025-12-10T16:12:46.036+08:00 DEBUG 93653 --- [asset-service] [io-8082-exec-10] .s.a.m.A.updateBalanceWithOptimisticLock : ==>  Preparing: UPDATE tb_asset SET balance = balance + ?, version = version + 1 WHERE id = ? AND version = ?
2025-12-10T16:12:46.036+08:00 DEBUG 93653 --- [asset-service] [io-8082-exec-10] .s.a.m.A.updateBalanceWithOptimisticLock : ==> Parameters: -50.00(BigDecimal), 1(Long), 25(Integer)
2025-12-10T16:12:46.037+08:00 DEBUG 93653 --- [asset-service] [io-8082-exec-10] .s.a.m.A.updateBalanceWithOptimisticLock : <==    Updates: 1
2025-12-10T16:12:46.037+08:00  INFO 93653 --- [asset-service] [io-8082-exec-10] c.s.asset.service.impl.AssetServiceImpl  : 资产余额更新成功: assetId=1, amount=-50.00
2025-12-10T16:12:46.037+08:00 DEBUG 93653 --- [asset-service] [io-8082-exec-10] c.s.asset.mapper.AssetMapper.findById    : ==>  Preparing: SELECT id, user_id, name, balance, version, create_time FROM tb_asset WHERE id = ?
2025-12-10T16:12:46.037+08:00 DEBUG 93653 --- [asset-service] [io-8082-exec-10] c.s.asset.mapper.AssetMapper.findById    : ==> Parameters: 1(Long)
2025-12-10T16:12:46.038+08:00 DEBUG 93653 --- [asset-service] [io-8082-exec-10] c.s.asset.mapper.AssetMapper.findById    : <==      Total: 1
2025-12-10T16:12:46.114+08:00 DEBUG 93653 --- [asset-service] [nio-8082-exec-1] c.s.asset.mapper.AssetMapper.findById    : ==>  Preparing: SELECT id, user_id, name, balance, version, create_time FROM tb_asset WHERE id = ?
2025-12-10T16:12:46.115+08:00 DEBUG 93653 --- [asset-service] [nio-8082-exec-1] c.s.asset.mapper.AssetMapper.findById    : ==> Parameters: 1(Long)
2025-12-10T16:12:46.116+08:00 DEBUG 93653 --- [asset-service] [nio-8082-exec-1] c.s.asset.mapper.AssetMapper.findById    : <==      Total: 1
2025-12-10T16:12:46.116+08:00 DEBUG 93653 --- [asset-service] [nio-8082-exec-1] .s.a.m.A.updateBalanceWithOptimisticLock : ==>  Preparing: UPDATE tb_asset SET balance = balance + ?, version = version + 1 WHERE id = ? AND version = ?
2025-12-10T16:12:46.117+08:00 DEBUG 93653 --- [asset-service] [nio-8082-exec-1] .s.a.m.A.updateBalanceWithOptimisticLock : ==> Parameters: 200.00(BigDecimal), 1(Long), 26(Integer)
2025-12-10T16:12:46.118+08:00 DEBUG 93653 --- [asset-service] [nio-8082-exec-1] .s.a.m.A.updateBalanceWithOptimisticLock : <==    Updates: 1
2025-12-10T16:12:46.118+08:00  INFO 93653 --- [asset-service] [nio-8082-exec-1] c.s.asset.service.impl.AssetServiceImpl  : 资产余额更新成功: assetId=1, amount=200.00
2025-12-10T16:12:46.118+08:00 DEBUG 93653 --- [asset-service] [nio-8082-exec-1] c.s.asset.mapper.AssetMapper.findById    : ==>  Preparing: SELECT id, user_id, name, balance, version, create_time FROM tb_asset WHERE id = ?
2025-12-10T16:12:46.118+08:00 DEBUG 93653 --- [asset-service] [nio-8082-exec-1] c.s.asset.mapper.AssetMapper.findById    : ==> Parameters: 1(Long)
2025-12-10T16:12:46.119+08:00 DEBUG 93653 --- [asset-service] [nio-8082-exec-1] c.s.asset.mapper.AssetMapper.findById    : <==      Total: 1
2025-12-10T16:12:46.164+08:00 DEBUG 93653 --- [asset-service] [nio-8082-exec-2] c.s.asset.mapper.AssetMapper.findById    : ==>  Preparing: SELECT id, user_id, name, balance, version, create_time FROM tb_asset WHERE id = ?
2025-12-10T16:12:46.164+08:00 DEBUG 93653 --- [asset-service] [nio-8082-exec-2] c.s.asset.mapper.AssetMapper.findById    : ==> Parameters: 1(Long)
2025-12-10T16:12:46.165+08:00 DEBUG 93653 --- [asset-service] [nio-8082-exec-2] c.s.asset.mapper.AssetMapper.findById    : <==      Total: 1
2025-12-10T16:12:46.228+08:00 DEBUG 93653 --- [asset-service] [nio-8082-exec-3] c.s.asset.mapper.AssetMapper.findById    : ==>  Preparing: SELECT id, user_id, name, balance, version, create_time FROM tb_asset WHERE id = ?
2025-12-10T16:12:46.228+08:00 DEBUG 93653 --- [asset-service] [nio-8082-exec-3] c.s.asset.mapper.AssetMapper.findById    : ==> Parameters: 1(Long)
2025-12-10T16:12:46.230+08:00 DEBUG 93653 --- [asset-service] [nio-8082-exec-3] c.s.asset.mapper.AssetMapper.findById    : <==      Total: 1
2025-12-10T16:12:46.230+08:00 DEBUG 93653 --- [asset-service] [nio-8082-exec-3] .s.a.m.A.updateBalanceWithOptimisticLock : ==>  Preparing: UPDATE tb_asset SET balance = balance + ?, version = version + 1 WHERE id = ? AND version = ?
2025-12-10T16:12:46.230+08:00 DEBUG 93653 --- [asset-service] [nio-8082-exec-3] .s.a.m.A.updateBalanceWithOptimisticLock : ==> Parameters: 50.00(BigDecimal), 1(Long), 27(Integer)
2025-12-10T16:12:46.231+08:00 DEBUG 93653 --- [asset-service] [nio-8082-exec-3] .s.a.m.A.updateBalanceWithOptimisticLock : <==    Updates: 1
2025-12-10T16:12:46.232+08:00  INFO 93653 --- [asset-service] [nio-8082-exec-3] c.s.asset.service.impl.AssetServiceImpl  : 资产余额更新成功: assetId=1, amount=50.00
2025-12-10T16:12:46.232+08:00 DEBUG 93653 --- [asset-service] [nio-8082-exec-3] c.s.asset.mapper.AssetMapper.findById    : ==>  Preparing: SELECT id, user_id, name, balance, version, create_time FROM tb_asset WHERE id = ?
2025-12-10T16:12:46.232+08:00 DEBUG 93653 --- [asset-service] [nio-8082-exec-3] c.s.asset.mapper.AssetMapper.findById    : ==> Parameters: 1(Long)
2025-12-10T16:12:46.233+08:00 DEBUG 93653 --- [asset-service] [nio-8082-exec-3] c.s.asset.mapper.AssetMapper.findById    : <==      Total: 1
2025-12-10T16:12:46.274+08:00 DEBUG 93653 --- [asset-service] [nio-8082-exec-4] c.s.asset.mapper.AssetMapper.findById    : ==>  Preparing: SELECT id, user_id, name, balance, version, create_time FROM tb_asset WHERE id = ?
2025-12-10T16:12:46.274+08:00 DEBUG 93653 --- [asset-service] [nio-8082-exec-4] c.s.asset.mapper.AssetMapper.findById    : ==> Parameters: 1(Long)
2025-12-10T16:12:46.276+08:00 DEBUG 93653 --- [asset-service] [nio-8082-exec-4] c.s.asset.mapper.AssetMapper.findById    : <==      Total: 1
2025-12-10T16:12:46.308+08:00 DEBUG 93653 --- [asset-service] [nio-8082-exec-5] c.s.asset.mapper.AssetMapper.findById    : ==>  Preparing: SELECT id, user_id, name, balance, version, create_time FROM tb_asset WHERE id = ?
2025-12-10T16:12:46.308+08:00 DEBUG 93653 --- [asset-service] [nio-8082-exec-5] c.s.asset.mapper.AssetMapper.findById    : ==> Parameters: 1(Long)
2025-12-10T16:12:46.309+08:00 DEBUG 93653 --- [asset-service] [nio-8082-exec-5] c.s.asset.mapper.AssetMapper.findById    : <==      Total: 1
2025-12-10T16:12:46.309+08:00 DEBUG 93653 --- [asset-service] [nio-8082-exec-5] .s.a.m.A.updateBalanceWithOptimisticLock : ==>  Preparing: UPDATE tb_asset SET balance = balance + ?, version = version + 1 WHERE id = ? AND version = ?
2025-12-10T16:12:46.310+08:00 DEBUG 93653 --- [asset-service] [nio-8082-exec-5] .s.a.m.A.updateBalanceWithOptimisticLock : ==> Parameters: -200.00(BigDecimal), 1(Long), 28(Integer)
2025-12-10T16:12:46.311+08:00 DEBUG 93653 --- [asset-service] [nio-8082-exec-5] .s.a.m.A.updateBalanceWithOptimisticLock : <==    Updates: 1
2025-12-10T16:12:46.311+08:00  INFO 93653 --- [asset-service] [nio-8082-exec-5] c.s.asset.service.impl.AssetServiceImpl  : 资产余额更新成功: assetId=1, amount=-200.00
2025-12-10T16:12:46.311+08:00 DEBUG 93653 --- [asset-service] [nio-8082-exec-5] c.s.asset.mapper.AssetMapper.findById    : ==>  Preparing: SELECT id, user_id, name, balance, version, create_time FROM tb_asset WHERE id = ?
2025-12-10T16:12:46.311+08:00 DEBUG 93653 --- [asset-service] [nio-8082-exec-5] c.s.asset.mapper.AssetMapper.findById    : ==> Parameters: 1(Long)
2025-12-10T16:12:46.312+08:00 DEBUG 93653 --- [asset-service] [nio-8082-exec-5] c.s.asset.mapper.AssetMapper.findById    : <==      Total: 1
2025-12-10T16:12:46.351+08:00 DEBUG 93653 --- [asset-service] [nio-8082-exec-6] c.s.asset.mapper.AssetMapper.findById    : ==>  Preparing: SELECT id, user_id, name, balance, version, create_time FROM tb_asset WHERE id = ?
2025-12-10T16:12:46.351+08:00 DEBUG 93653 --- [asset-service] [nio-8082-exec-6] c.s.asset.mapper.AssetMapper.findById    : ==> Parameters: 1(Long)
2025-12-10T16:12:46.352+08:00 DEBUG 93653 --- [asset-service] [nio-8082-exec-6] c.s.asset.mapper.AssetMapper.findById    : <==      Total: 1
2025-12-10T16:12:46.403+08:00 DEBUG 93653 --- [asset-service] [nio-8082-exec-7] c.s.asset.mapper.AssetMapper.findById    : ==>  Preparing: SELECT id, user_id, name, balance, version, create_time FROM tb_asset WHERE id = ?
2025-12-10T16:12:46.404+08:00 DEBUG 93653 --- [asset-service] [nio-8082-exec-7] c.s.asset.mapper.AssetMapper.findById    : ==> Parameters: 13(Long)
2025-12-10T16:12:46.405+08:00 DEBUG 93653 --- [asset-service] [nio-8082-exec-7] c.s.asset.mapper.AssetMapper.findById    : <==      Total: 1
2025-12-10T16:12:46.405+08:00 DEBUG 93653 --- [asset-service] [nio-8082-exec-7] c.s.asset.mapper.AssetMapper.deleteById  : ==>  Preparing: DELETE FROM tb_asset WHERE id = ?
2025-12-10T16:12:46.406+08:00 DEBUG 93653 --- [asset-service] [nio-8082-exec-7] c.s.asset.mapper.AssetMapper.deleteById  : ==> Parameters: 13(Long)
2025-12-10T16:12:46.412+08:00 DEBUG 93653 --- [asset-service] [nio-8082-exec-7] c.s.asset.mapper.AssetMapper.deleteById  : <==    Updates: 1
2025-12-10T16:12:46.412+08:00  INFO 93653 --- [asset-service] [nio-8082-exec-7] c.s.asset.service.impl.AssetServiceImpl  : 资产删除成功: assetId=13
2025-12-10T16:12:46.435+08:00 DEBUG 93653 --- [asset-service] [nio-8082-exec-8] c.s.asset.mapper.AssetMapper.findById    : ==>  Preparing: SELECT id, user_id, name, balance, version, create_time FROM tb_asset WHERE id = ?
2025-12-10T16:12:46.435+08:00 DEBUG 93653 --- [asset-service] [nio-8082-exec-8] c.s.asset.mapper.AssetMapper.findById    : ==> Parameters: 1(Long)
2025-12-10T16:12:46.437+08:00 DEBUG 93653 --- [asset-service] [nio-8082-exec-8] c.s.asset.mapper.AssetMapper.findById    : <==      Total: 1
2025-12-10T16:12:46.467+08:00 DEBUG 93653 --- [asset-service] [nio-8082-exec-9] c.s.asset.mapper.AssetMapper.findById    : ==>  Preparing: SELECT id, user_id, name, balance, version, create_time FROM tb_asset WHERE id = ?
2025-12-10T16:12:46.468+08:00 DEBUG 93653 --- [asset-service] [nio-8082-exec-9] c.s.asset.mapper.AssetMapper.findById    : ==> Parameters: 1(Long)
2025-12-10T16:12:46.470+08:00 DEBUG 93653 --- [asset-service] [nio-8082-exec-9] c.s.asset.mapper.AssetMapper.findById    : <==      Total: 1
2025-12-10T16:12:46.470+08:00 DEBUG 93653 --- [asset-service] [nio-8082-exec-9] .s.a.m.A.updateBalanceWithOptimisticLock : ==>  Preparing: UPDATE tb_asset SET balance = balance + ?, version = version + 1 WHERE id = ? AND version = ?
2025-12-10T16:12:46.471+08:00 DEBUG 93653 --- [asset-service] [nio-8082-exec-9] .s.a.m.A.updateBalanceWithOptimisticLock : ==> Parameters: 100(BigDecimal), 1(Long), 29(Integer)
2025-12-10T16:12:46.472+08:00 DEBUG 93653 --- [asset-service] [nio-8082-exec-9] .s.a.m.A.updateBalanceWithOptimisticLock : <==    Updates: 1
2025-12-10T16:12:46.472+08:00  INFO 93653 --- [asset-service] [nio-8082-exec-9] c.s.asset.service.impl.AssetServiceImpl  : 资产余额更新成功: assetId=1, amount=100
2025-12-10T16:12:46.473+08:00 DEBUG 93653 --- [asset-service] [nio-8082-exec-9] c.s.asset.mapper.AssetMapper.findById    : ==>  Preparing: SELECT id, user_id, name, balance, version, create_time FROM tb_asset WHERE id = ?
2025-12-10T16:12:46.473+08:00 DEBUG 93653 --- [asset-service] [nio-8082-exec-9] c.s.asset.mapper.AssetMapper.findById    : ==> Parameters: 1(Long)
2025-12-10T16:12:46.474+08:00 DEBUG 93653 --- [asset-service] [nio-8082-exec-9] c.s.asset.mapper.AssetMapper.findById    : <==      Total: 1
2025-12-10T16:12:46.515+08:00 DEBUG 93653 --- [asset-service] [io-8082-exec-10] c.s.asset.mapper.AssetMapper.findById    : ==>  Preparing: SELECT id, user_id, name, balance, version, create_time FROM tb_asset WHERE id = ?
2025-12-10T16:12:46.515+08:00 DEBUG 93653 --- [asset-service] [io-8082-exec-10] c.s.asset.mapper.AssetMapper.findById    : ==> Parameters: 1(Long)
2025-12-10T16:12:46.517+08:00 DEBUG 93653 --- [asset-service] [io-8082-exec-10] c.s.asset.mapper.AssetMapper.findById    : <==      Total: 1
2025-12-10T16:13:44.167+08:00 DEBUG 93653 --- [asset-service] [nio-8082-exec-1] c.s.a.mapper.AssetMapper.findByUserId    : ==>  Preparing: SELECT id, user_id, name, balance, version, create_time FROM tb_asset WHERE user_id = ?
2025-12-10T16:13:44.168+08:00 DEBUG 93653 --- [asset-service] [nio-8082-exec-1] c.s.a.mapper.AssetMapper.findByUserId    : ==> Parameters: 1(Long)
2025-12-10T16:13:44.171+08:00 DEBUG 93653 --- [asset-service] [nio-8082-exec-1] c.s.a.mapper.AssetMapper.findByUserId    : <==      Total: 4
2025-12-10T16:13:44.192+08:00 DEBUG 93653 --- [asset-service] [nio-8082-exec-2] c.s.a.mapper.AssetMapper.findByUserId    : ==>  Preparing: SELECT id, user_id, name, balance, version, create_time FROM tb_asset WHERE user_id = ?
2025-12-10T16:13:44.193+08:00 DEBUG 93653 --- [asset-service] [nio-8082-exec-2] c.s.a.mapper.AssetMapper.findByUserId    : ==> Parameters: 1(Long)
2025-12-10T16:13:44.195+08:00 DEBUG 93653 --- [asset-service] [nio-8082-exec-2] c.s.a.mapper.AssetMapper.findByUserId    : <==      Total: 4
2025-12-10T16:13:44.328+08:00 DEBUG 93653 --- [asset-service] [nio-8082-exec-3] c.s.asset.mapper.AssetMapper.findById    : ==>  Preparing: SELECT id, user_id, name, balance, version, create_time FROM tb_asset WHERE id = ?
2025-12-10T16:13:44.329+08:00 DEBUG 93653 --- [asset-service] [nio-8082-exec-3] c.s.asset.mapper.AssetMapper.findById    : ==> Parameters: 1(Long)
2025-12-10T16:13:44.330+08:00 DEBUG 93653 --- [asset-service] [nio-8082-exec-3] c.s.asset.mapper.AssetMapper.findById    : <==      Total: 1
2025-12-10T16:13:44.353+08:00 DEBUG 93653 --- [asset-service] [nio-8082-exec-4] c.s.asset.mapper.AssetMapper.insert      : ==>  Preparing: INSERT INTO tb_asset (user_id, name, balance, version, create_time) VALUES (?, ?, ?, ?, ?)
2025-12-10T16:13:44.354+08:00 DEBUG 93653 --- [asset-service] [nio-8082-exec-4] c.s.asset.mapper.AssetMapper.insert      : ==> Parameters: 1(Long), Gateway测试账户(String), 100.00(BigDecimal), 1(Integer), 2025-12-10T16:13:44.353504799(LocalDateTime)
2025-12-10T16:13:44.367+08:00 DEBUG 93653 --- [asset-service] [nio-8082-exec-4] c.s.asset.mapper.AssetMapper.insert      : <==    Updates: 1
2025-12-10T16:13:44.394+08:00 DEBUG 93653 --- [asset-service] [nio-8082-exec-5] c.s.asset.mapper.AssetMapper.findById    : ==>  Preparing: SELECT id, user_id, name, balance, version, create_time FROM tb_asset WHERE id = ?
2025-12-10T16:13:44.395+08:00 DEBUG 93653 --- [asset-service] [nio-8082-exec-5] c.s.asset.mapper.AssetMapper.findById    : ==> Parameters: 14(Long)
2025-12-10T16:13:44.397+08:00 DEBUG 93653 --- [asset-service] [nio-8082-exec-5] c.s.asset.mapper.AssetMapper.findById    : <==      Total: 1
2025-12-10T16:13:44.397+08:00 DEBUG 93653 --- [asset-service] [nio-8082-exec-5] c.s.asset.mapper.AssetMapper.updateName  : ==>  Preparing: UPDATE tb_asset SET name = ? WHERE id = ?
2025-12-10T16:13:44.397+08:00 DEBUG 93653 --- [asset-service] [nio-8082-exec-5] c.s.asset.mapper.AssetMapper.updateName  : ==> Parameters: Gateway更新测试(String), 14(Long)
2025-12-10T16:13:44.409+08:00 DEBUG 93653 --- [asset-service] [nio-8082-exec-5] c.s.asset.mapper.AssetMapper.updateName  : <==    Updates: 1
2025-12-10T16:13:44.409+08:00  INFO 93653 --- [asset-service] [nio-8082-exec-5] c.s.asset.service.impl.AssetServiceImpl  : 资产名称更新成功: assetId=14, name=Gateway更新测试
2025-12-10T16:13:44.431+08:00 DEBUG 93653 --- [asset-service] [nio-8082-exec-6] c.s.asset.mapper.AssetMapper.findById    : ==>  Preparing: SELECT id, user_id, name, balance, version, create_time FROM tb_asset WHERE id = ?
2025-12-10T16:13:44.431+08:00 DEBUG 93653 --- [asset-service] [nio-8082-exec-6] c.s.asset.mapper.AssetMapper.findById    : ==> Parameters: 14(Long)
2025-12-10T16:13:44.433+08:00 DEBUG 93653 --- [asset-service] [nio-8082-exec-6] c.s.asset.mapper.AssetMapper.findById    : <==      Total: 1
2025-12-10T16:13:44.433+08:00 DEBUG 93653 --- [asset-service] [nio-8082-exec-6] c.s.asset.mapper.AssetMapper.deleteById  : ==>  Preparing: DELETE FROM tb_asset WHERE id = ?
2025-12-10T16:13:44.434+08:00 DEBUG 93653 --- [asset-service] [nio-8082-exec-6] c.s.asset.mapper.AssetMapper.deleteById  : ==> Parameters: 14(Long)
2025-12-10T16:13:44.441+08:00 DEBUG 93653 --- [asset-service] [nio-8082-exec-6] c.s.asset.mapper.AssetMapper.deleteById  : <==    Updates: 1
2025-12-10T16:13:44.441+08:00  INFO 93653 --- [asset-service] [nio-8082-exec-6] c.s.asset.service.impl.AssetServiceImpl  : 资产删除成功: assetId=14
2025-12-10T16:13:44.481+08:00 DEBUG 93653 --- [asset-service] [nio-8082-exec-7] c.s.asset.mapper.AssetMapper.findById    : ==>  Preparing: SELECT id, user_id, name, balance, version, create_time FROM tb_asset WHERE id = ?
2025-12-10T16:13:44.481+08:00 DEBUG 93653 --- [asset-service] [nio-8082-exec-7] c.s.asset.mapper.AssetMapper.findById    : ==> Parameters: 1(Long)
2025-12-10T16:13:44.482+08:00 DEBUG 93653 --- [asset-service] [nio-8082-exec-7] c.s.asset.mapper.AssetMapper.findById    : <==      Total: 1
2025-12-10T16:13:44.535+08:00 DEBUG 93653 --- [asset-service] [nio-8082-exec-8] c.s.asset.mapper.AssetMapper.findById    : ==>  Preparing: SELECT id, user_id, name, balance, version, create_time FROM tb_asset WHERE id = ?
2025-12-10T16:13:44.535+08:00 DEBUG 93653 --- [asset-service] [nio-8082-exec-8] c.s.asset.mapper.AssetMapper.findById    : ==> Parameters: 99999(Long)
2025-12-10T16:13:44.536+08:00 DEBUG 93653 --- [asset-service] [nio-8082-exec-8] c.s.asset.mapper.AssetMapper.findById    : <==      Total: 0
2025-12-10T16:13:44.553+08:00 DEBUG 93653 --- [asset-service] [nio-8082-exec-9] c.s.asset.mapper.AssetMapper.findById    : ==>  Preparing: SELECT id, user_id, name, balance, version, create_time FROM tb_asset WHERE id = ?
2025-12-10T16:13:44.553+08:00 DEBUG 93653 --- [asset-service] [nio-8082-exec-9] c.s.asset.mapper.AssetMapper.findById    : ==> Parameters: 99999(Long)
2025-12-10T16:13:44.554+08:00 DEBUG 93653 --- [asset-service] [nio-8082-exec-9] c.s.asset.mapper.AssetMapper.findById    : <==      Total: 0
2025-12-10T16:13:44.607+08:00 DEBUG 93653 --- [asset-service] [io-8082-exec-10] c.s.asset.mapper.AssetMapper.findById    : ==>  Preparing: SELECT id, user_id, name, balance, version, create_time FROM tb_asset WHERE id = ?
2025-12-10T16:13:44.607+08:00 DEBUG 93653 --- [asset-service] [io-8082-exec-10] c.s.asset.mapper.AssetMapper.findById    : ==> Parameters: 1(Long)
2025-12-10T16:13:44.608+08:00 DEBUG 93653 --- [asset-service] [io-8082-exec-10] c.s.asset.mapper.AssetMapper.findById    : <==      Total: 1
2025-12-10T16:13:44.626+08:00 DEBUG 93653 --- [asset-service] [nio-8082-exec-1] c.s.asset.mapper.AssetMapper.findById    : ==>  Preparing: SELECT id, user_id, name, balance, version, create_time FROM tb_asset WHERE id = ?
2025-12-10T16:13:44.626+08:00 DEBUG 93653 --- [asset-service] [nio-8082-exec-1] c.s.asset.mapper.AssetMapper.findById    : ==> Parameters: 1(Long)
2025-12-10T16:13:44.627+08:00 DEBUG 93653 --- [asset-service] [nio-8082-exec-1] c.s.asset.mapper.AssetMapper.findById    : <==      Total: 1
2025-12-10T16:13:44.650+08:00 DEBUG 93653 --- [asset-service] [nio-8082-exec-2] c.s.asset.mapper.AssetMapper.findById    : ==>  Preparing: SELECT id, user_id, name, balance, version, create_time FROM tb_asset WHERE id = ?
2025-12-10T16:13:44.650+08:00 DEBUG 93653 --- [asset-service] [nio-8082-exec-2] c.s.asset.mapper.AssetMapper.findById    : ==> Parameters: 1(Long)
2025-12-10T16:13:44.651+08:00 DEBUG 93653 --- [asset-service] [nio-8082-exec-2] c.s.asset.mapper.AssetMapper.findById    : <==      Total: 1
2025-12-10T16:13:44.672+08:00 DEBUG 93653 --- [asset-service] [nio-8082-exec-3] c.s.asset.mapper.AssetMapper.findById    : ==>  Preparing: SELECT id, user_id, name, balance, version, create_time FROM tb_asset WHERE id = ?
2025-12-10T16:13:44.673+08:00 DEBUG 93653 --- [asset-service] [nio-8082-exec-3] c.s.asset.mapper.AssetMapper.findById    : ==> Parameters: 1(Long)
2025-12-10T16:13:44.674+08:00 DEBUG 93653 --- [asset-service] [nio-8082-exec-3] c.s.asset.mapper.AssetMapper.findById    : <==      Total: 1
2025-12-10T16:13:44.696+08:00 DEBUG 93653 --- [asset-service] [nio-8082-exec-4] c.s.asset.mapper.AssetMapper.findById    : ==>  Preparing: SELECT id, user_id, name, balance, version, create_time FROM tb_asset WHERE id = ?
2025-12-10T16:13:44.696+08:00 DEBUG 93653 --- [asset-service] [nio-8082-exec-4] c.s.asset.mapper.AssetMapper.findById    : ==> Parameters: 1(Long)
2025-12-10T16:13:44.698+08:00 DEBUG 93653 --- [asset-service] [nio-8082-exec-4] c.s.asset.mapper.AssetMapper.findById    : <==      Total: 1
2025-12-10T16:13:44.719+08:00 DEBUG 93653 --- [asset-service] [nio-8082-exec-5] c.s.asset.mapper.AssetMapper.findById    : ==>  Preparing: SELECT id, user_id, name, balance, version, create_time FROM tb_asset WHERE id = ?
2025-12-10T16:13:44.719+08:00 DEBUG 93653 --- [asset-service] [nio-8082-exec-5] c.s.asset.mapper.AssetMapper.findById    : ==> Parameters: 1(Long)
2025-12-10T16:13:44.721+08:00 DEBUG 93653 --- [asset-service] [nio-8082-exec-5] c.s.asset.mapper.AssetMapper.findById    : <==      Total: 1
2025-12-10T16:13:44.747+08:00 DEBUG 93653 --- [asset-service] [nio-8082-exec-3] c.s.asset.mapper.AssetMapper.findById    : ==>  Preparing: SELECT id, user_id, name, balance, version, create_time FROM tb_asset WHERE id = ?
2025-12-10T16:13:44.748+08:00 DEBUG 93653 --- [asset-service] [nio-8082-exec-3] c.s.asset.mapper.AssetMapper.findById    : ==> Parameters: 1(Long)
2025-12-10T16:13:44.748+08:00 DEBUG 93653 --- [asset-service] [nio-8082-exec-9] c.s.asset.mapper.AssetMapper.findById    : ==>  Preparing: SELECT id, user_id, name, balance, version, create_time FROM tb_asset WHERE id = ?
2025-12-10T16:13:44.748+08:00 DEBUG 93653 --- [asset-service] [io-8082-exec-10] c.s.asset.mapper.AssetMapper.findById    : ==>  Preparing: SELECT id, user_id, name, balance, version, create_time FROM tb_asset WHERE id = ?
2025-12-10T16:13:44.748+08:00 DEBUG 93653 --- [asset-service] [nio-8082-exec-2] c.s.asset.mapper.AssetMapper.findById    : ==>  Preparing: SELECT id, user_id, name, balance, version, create_time FROM tb_asset WHERE id = ?
2025-12-10T16:13:44.748+08:00 DEBUG 93653 --- [asset-service] [nio-8082-exec-7] c.s.asset.mapper.AssetMapper.findById    : ==>  Preparing: SELECT id, user_id, name, balance, version, create_time FROM tb_asset WHERE id = ?
2025-12-10T16:13:44.748+08:00 DEBUG 93653 --- [asset-service] [nio-8082-exec-4] c.s.asset.mapper.AssetMapper.findById    : ==>  Preparing: SELECT id, user_id, name, balance, version, create_time FROM tb_asset WHERE id = ?
2025-12-10T16:13:44.748+08:00 DEBUG 93653 --- [asset-service] [nio-8082-exec-5] c.s.asset.mapper.AssetMapper.findById    : ==>  Preparing: SELECT id, user_id, name, balance, version, create_time FROM tb_asset WHERE id = ?
2025-12-10T16:13:44.748+08:00 DEBUG 93653 --- [asset-service] [nio-8082-exec-9] c.s.asset.mapper.AssetMapper.findById    : ==> Parameters: 1(Long)
2025-12-10T16:13:44.748+08:00 DEBUG 93653 --- [asset-service] [nio-8082-exec-6] c.s.asset.mapper.AssetMapper.findById    : ==>  Preparing: SELECT id, user_id, name, balance, version, create_time FROM tb_asset WHERE id = ?
2025-12-10T16:13:44.748+08:00 DEBUG 93653 --- [asset-service] [io-8082-exec-10] c.s.asset.mapper.AssetMapper.findById    : ==> Parameters: 1(Long)
2025-12-10T16:13:44.748+08:00 DEBUG 93653 --- [asset-service] [nio-8082-exec-8] c.s.asset.mapper.AssetMapper.findById    : ==>  Preparing: SELECT id, user_id, name, balance, version, create_time FROM tb_asset WHERE id = ?
2025-12-10T16:13:44.748+08:00 DEBUG 93653 --- [asset-service] [nio-8082-exec-2] c.s.asset.mapper.AssetMapper.findById    : ==> Parameters: 1(Long)
2025-12-10T16:13:44.749+08:00 DEBUG 93653 --- [asset-service] [nio-8082-exec-1] c.s.asset.mapper.AssetMapper.findById    : ==>  Preparing: SELECT id, user_id, name, balance, version, create_time FROM tb_asset WHERE id = ?
2025-12-10T16:13:44.749+08:00 DEBUG 93653 --- [asset-service] [nio-8082-exec-4] c.s.asset.mapper.AssetMapper.findById    : ==> Parameters: 1(Long)
2025-12-10T16:13:44.749+08:00 DEBUG 93653 --- [asset-service] [nio-8082-exec-5] c.s.asset.mapper.AssetMapper.findById    : ==> Parameters: 1(Long)
2025-12-10T16:13:44.749+08:00 DEBUG 93653 --- [asset-service] [nio-8082-exec-7] c.s.asset.mapper.AssetMapper.findById    : ==> Parameters: 1(Long)
2025-12-10T16:13:44.749+08:00 DEBUG 93653 --- [asset-service] [nio-8082-exec-1] c.s.asset.mapper.AssetMapper.findById    : ==> Parameters: 1(Long)
2025-12-10T16:13:44.749+08:00 DEBUG 93653 --- [asset-service] [nio-8082-exec-6] c.s.asset.mapper.AssetMapper.findById    : ==> Parameters: 1(Long)
2025-12-10T16:13:44.749+08:00 DEBUG 93653 --- [asset-service] [nio-8082-exec-8] c.s.asset.mapper.AssetMapper.findById    : ==> Parameters: 1(Long)
2025-12-10T16:13:44.749+08:00 DEBUG 93653 --- [asset-service] [nio-8082-exec-9] c.s.asset.mapper.AssetMapper.findById    : <==      Total: 1
2025-12-10T16:13:44.749+08:00 DEBUG 93653 --- [asset-service] [nio-8082-exec-3] c.s.asset.mapper.AssetMapper.findById    : <==      Total: 1
2025-12-10T16:13:44.750+08:00 DEBUG 93653 --- [asset-service] [nio-8082-exec-2] c.s.asset.mapper.AssetMapper.findById    : <==      Total: 1
2025-12-10T16:13:44.750+08:00 DEBUG 93653 --- [asset-service] [io-8082-exec-10] c.s.asset.mapper.AssetMapper.findById    : <==      Total: 1
2025-12-10T16:13:44.750+08:00 DEBUG 93653 --- [asset-service] [nio-8082-exec-5] c.s.asset.mapper.AssetMapper.findById    : <==      Total: 1
2025-12-10T16:13:44.750+08:00 DEBUG 93653 --- [asset-service] [nio-8082-exec-4] c.s.asset.mapper.AssetMapper.findById    : <==      Total: 1
2025-12-10T16:13:44.750+08:00 DEBUG 93653 --- [asset-service] [nio-8082-exec-7] c.s.asset.mapper.AssetMapper.findById    : <==      Total: 1
2025-12-10T16:13:44.750+08:00 DEBUG 93653 --- [asset-service] [nio-8082-exec-1] c.s.asset.mapper.AssetMapper.findById    : <==      Total: 1
2025-12-10T16:13:44.750+08:00 DEBUG 93653 --- [asset-service] [nio-8082-exec-6] c.s.asset.mapper.AssetMapper.findById    : <==      Total: 1
2025-12-10T16:13:44.750+08:00 DEBUG 93653 --- [asset-service] [nio-8082-exec-8] c.s.asset.mapper.AssetMapper.findById    : <==      Total: 1
2025-12-10T16:16:17.503+08:00 DEBUG 93653 --- [asset-service] [nio-8082-exec-5] c.s.asset.mapper.AssetMapper.findById    : ==>  Preparing: SELECT id, user_id, name, balance, version, create_time FROM tb_asset WHERE id = ?
2025-12-10T16:16:17.504+08:00 DEBUG 93653 --- [asset-service] [nio-8082-exec-5] c.s.asset.mapper.AssetMapper.findById    : ==> Parameters: 1(Long)
2025-12-10T16:16:17.505+08:00 DEBUG 93653 --- [asset-service] [nio-8082-exec-5] c.s.asset.mapper.AssetMapper.findById    : <==      Total: 1
2025-12-10T16:16:17.525+08:00 DEBUG 93653 --- [asset-service] [nio-8082-exec-6] c.s.asset.mapper.AssetMapper.findById    : ==>  Preparing: SELECT id, user_id, name, balance, version, create_time FROM tb_asset WHERE id = ?
2025-12-10T16:16:17.525+08:00 DEBUG 93653 --- [asset-service] [nio-8082-exec-6] c.s.asset.mapper.AssetMapper.findById    : ==> Parameters: 1(Long)
2025-12-10T16:16:17.527+08:00 DEBUG 93653 --- [asset-service] [nio-8082-exec-6] c.s.asset.mapper.AssetMapper.findById    : <==      Total: 1
2025-12-10T16:16:17.545+08:00 DEBUG 93653 --- [asset-service] [nio-8082-exec-2] c.s.asset.mapper.AssetMapper.findById    : ==>  Preparing: SELECT id, user_id, name, balance, version, create_time FROM tb_asset WHERE id = ?
2025-12-10T16:16:17.545+08:00 DEBUG 93653 --- [asset-service] [nio-8082-exec-2] c.s.asset.mapper.AssetMapper.findById    : ==> Parameters: 1(Long)
2025-12-10T16:16:17.547+08:00 DEBUG 93653 --- [asset-service] [nio-8082-exec-2] c.s.asset.mapper.AssetMapper.findById    : <==      Total: 1
2025-12-10T16:16:17.566+08:00 DEBUG 93653 --- [asset-service] [nio-8082-exec-3] c.s.asset.mapper.AssetMapper.findById    : ==>  Preparing: SELECT id, user_id, name, balance, version, create_time FROM tb_asset WHERE id = ?
2025-12-10T16:16:17.567+08:00 DEBUG 93653 --- [asset-service] [nio-8082-exec-3] c.s.asset.mapper.AssetMapper.findById    : ==> Parameters: 1(Long)
2025-12-10T16:16:17.568+08:00 DEBUG 93653 --- [asset-service] [nio-8082-exec-3] c.s.asset.mapper.AssetMapper.findById    : <==      Total: 1
2025-12-10T16:16:17.589+08:00 DEBUG 93653 --- [asset-service] [nio-8082-exec-8] c.s.asset.mapper.AssetMapper.findById    : ==>  Preparing: SELECT id, user_id, name, balance, version, create_time FROM tb_asset WHERE id = ?
2025-12-10T16:16:17.590+08:00 DEBUG 93653 --- [asset-service] [nio-8082-exec-8] c.s.asset.mapper.AssetMapper.findById    : ==> Parameters: 1(Long)
2025-12-10T16:16:17.591+08:00 DEBUG 93653 --- [asset-service] [nio-8082-exec-8] c.s.asset.mapper.AssetMapper.findById    : <==      Total: 1
2025-12-10T16:16:17.615+08:00 DEBUG 93653 --- [asset-service] [io-8082-exec-10] c.s.asset.mapper.AssetMapper.findById    : ==>  Preparing: SELECT id, user_id, name, balance, version, create_time FROM tb_asset WHERE id = ?
2025-12-10T16:16:17.615+08:00 DEBUG 93653 --- [asset-service] [io-8082-exec-10] c.s.asset.mapper.AssetMapper.findById    : ==> Parameters: 1(Long)
2025-12-10T16:16:17.617+08:00 DEBUG 93653 --- [asset-service] [io-8082-exec-10] c.s.asset.mapper.AssetMapper.findById    : <==      Total: 1
2025-12-10T16:16:17.638+08:00 DEBUG 93653 --- [asset-service] [nio-8082-exec-1] c.s.asset.mapper.AssetMapper.findById    : ==>  Preparing: SELECT id, user_id, name, balance, version, create_time FROM tb_asset WHERE id = ?
2025-12-10T16:16:17.638+08:00 DEBUG 93653 --- [asset-service] [nio-8082-exec-1] c.s.asset.mapper.AssetMapper.findById    : ==> Parameters: 1(Long)
2025-12-10T16:16:17.639+08:00 DEBUG 93653 --- [asset-service] [nio-8082-exec-1] c.s.asset.mapper.AssetMapper.findById    : <==      Total: 1
2025-12-10T16:16:17.661+08:00 DEBUG 93653 --- [asset-service] [nio-8082-exec-9] c.s.asset.mapper.AssetMapper.findById    : ==>  Preparing: SELECT id, user_id, name, balance, version, create_time FROM tb_asset WHERE id = ?
2025-12-10T16:16:17.662+08:00 DEBUG 93653 --- [asset-service] [nio-8082-exec-9] c.s.asset.mapper.AssetMapper.findById    : ==> Parameters: 1(Long)
2025-12-10T16:16:17.663+08:00 DEBUG 93653 --- [asset-service] [nio-8082-exec-9] c.s.asset.mapper.AssetMapper.findById    : <==      Total: 1
2025-12-10T16:16:17.686+08:00 DEBUG 93653 --- [asset-service] [nio-8082-exec-7] c.s.asset.mapper.AssetMapper.findById    : ==>  Preparing: SELECT id, user_id, name, balance, version, create_time FROM tb_asset WHERE id = ?
2025-12-10T16:16:17.686+08:00 DEBUG 93653 --- [asset-service] [nio-8082-exec-7] c.s.asset.mapper.AssetMapper.findById    : ==> Parameters: 1(Long)
2025-12-10T16:16:17.688+08:00 DEBUG 93653 --- [asset-service] [nio-8082-exec-7] c.s.asset.mapper.AssetMapper.findById    : <==      Total: 1
2025-12-10T16:16:17.709+08:00 DEBUG 93653 --- [asset-service] [nio-8082-exec-4] c.s.asset.mapper.AssetMapper.findById    : ==>  Preparing: SELECT id, user_id, name, balance, version, create_time FROM tb_asset WHERE id = ?
2025-12-10T16:16:17.710+08:00 DEBUG 93653 --- [asset-service] [nio-8082-exec-4] c.s.asset.mapper.AssetMapper.findById    : ==> Parameters: 1(Long)
2025-12-10T16:16:17.712+08:00 DEBUG 93653 --- [asset-service] [nio-8082-exec-4] c.s.asset.mapper.AssetMapper.findById    : <==      Total: 1
2025-12-10T16:16:17.733+08:00 DEBUG 93653 --- [asset-service] [nio-8082-exec-5] c.s.asset.mapper.AssetMapper.findById    : ==>  Preparing: SELECT id, user_id, name, balance, version, create_time FROM tb_asset WHERE id = ?
2025-12-10T16:16:17.734+08:00 DEBUG 93653 --- [asset-service] [nio-8082-exec-5] c.s.asset.mapper.AssetMapper.findById    : ==> Parameters: 1(Long)
2025-12-10T16:16:17.735+08:00 DEBUG 93653 --- [asset-service] [nio-8082-exec-5] c.s.asset.mapper.AssetMapper.findById    : <==      Total: 1
2025-12-10T16:16:17.755+08:00 DEBUG 93653 --- [asset-service] [nio-8082-exec-6] c.s.asset.mapper.AssetMapper.findById    : ==>  Preparing: SELECT id, user_id, name, balance, version, create_time FROM tb_asset WHERE id = ?
2025-12-10T16:16:17.755+08:00 DEBUG 93653 --- [asset-service] [nio-8082-exec-6] c.s.asset.mapper.AssetMapper.findById    : ==> Parameters: 1(Long)
2025-12-10T16:16:17.756+08:00 DEBUG 93653 --- [asset-service] [nio-8082-exec-6] c.s.asset.mapper.AssetMapper.findById    : <==      Total: 1
2025-12-10T16:16:17.779+08:00 DEBUG 93653 --- [asset-service] [nio-8082-exec-2] c.s.asset.mapper.AssetMapper.findById    : ==>  Preparing: SELECT id, user_id, name, balance, version, create_time FROM tb_asset WHERE id = ?
2025-12-10T16:16:17.780+08:00 DEBUG 93653 --- [asset-service] [nio-8082-exec-2] c.s.asset.mapper.AssetMapper.findById    : ==> Parameters: 1(Long)
2025-12-10T16:16:17.781+08:00 DEBUG 93653 --- [asset-service] [nio-8082-exec-2] c.s.asset.mapper.AssetMapper.findById    : <==      Total: 1
2025-12-10T16:16:17.804+08:00 DEBUG 93653 --- [asset-service] [nio-8082-exec-3] c.s.asset.mapper.AssetMapper.findById    : ==>  Preparing: SELECT id, user_id, name, balance, version, create_time FROM tb_asset WHERE id = ?
2025-12-10T16:16:17.804+08:00 DEBUG 93653 --- [asset-service] [nio-8082-exec-3] c.s.asset.mapper.AssetMapper.findById    : ==> Parameters: 1(Long)
2025-12-10T16:16:17.806+08:00 DEBUG 93653 --- [asset-service] [nio-8082-exec-3] c.s.asset.mapper.AssetMapper.findById    : <==      Total: 1
2025-12-10T16:16:17.828+08:00 DEBUG 93653 --- [asset-service] [nio-8082-exec-8] c.s.asset.mapper.AssetMapper.findById    : ==>  Preparing: SELECT id, user_id, name, balance, version, create_time FROM tb_asset WHERE id = ?
2025-12-10T16:16:17.828+08:00 DEBUG 93653 --- [asset-service] [nio-8082-exec-8] c.s.asset.mapper.AssetMapper.findById    : ==> Parameters: 1(Long)
2025-12-10T16:16:17.830+08:00 DEBUG 93653 --- [asset-service] [nio-8082-exec-8] c.s.asset.mapper.AssetMapper.findById    : <==      Total: 1
2025-12-10T16:16:17.853+08:00 DEBUG 93653 --- [asset-service] [io-8082-exec-10] c.s.asset.mapper.AssetMapper.findById    : ==>  Preparing: SELECT id, user_id, name, balance, version, create_time FROM tb_asset WHERE id = ?
2025-12-10T16:16:17.853+08:00 DEBUG 93653 --- [asset-service] [io-8082-exec-10] c.s.asset.mapper.AssetMapper.findById    : ==> Parameters: 1(Long)
2025-12-10T16:16:17.855+08:00 DEBUG 93653 --- [asset-service] [io-8082-exec-10] c.s.asset.mapper.AssetMapper.findById    : <==      Total: 1
2025-12-10T16:16:17.882+08:00 DEBUG 93653 --- [asset-service] [nio-8082-exec-1] c.s.asset.mapper.AssetMapper.findById    : ==>  Preparing: SELECT id, user_id, name, balance, version, create_time FROM tb_asset WHERE id = ?
2025-12-10T16:16:17.883+08:00 DEBUG 93653 --- [asset-service] [nio-8082-exec-1] c.s.asset.mapper.AssetMapper.findById    : ==> Parameters: 1(Long)
2025-12-10T16:16:17.884+08:00 DEBUG 93653 --- [asset-service] [nio-8082-exec-1] c.s.asset.mapper.AssetMapper.findById    : <==      Total: 1
2025-12-10T16:16:17.910+08:00 DEBUG 93653 --- [asset-service] [nio-8082-exec-9] c.s.asset.mapper.AssetMapper.findById    : ==>  Preparing: SELECT id, user_id, name, balance, version, create_time FROM tb_asset WHERE id = ?
2025-12-10T16:16:17.910+08:00 DEBUG 93653 --- [asset-service] [nio-8082-exec-9] c.s.asset.mapper.AssetMapper.findById    : ==> Parameters: 1(Long)
2025-12-10T16:16:17.912+08:00 DEBUG 93653 --- [asset-service] [nio-8082-exec-9] c.s.asset.mapper.AssetMapper.findById    : <==      Total: 1
2025-12-10T16:16:17.940+08:00 DEBUG 93653 --- [asset-service] [nio-8082-exec-7] c.s.asset.mapper.AssetMapper.findById    : ==>  Preparing: SELECT id, user_id, name, balance, version, create_time FROM tb_asset WHERE id = ?
2025-12-10T16:16:17.940+08:00 DEBUG 93653 --- [asset-service] [nio-8082-exec-7] c.s.asset.mapper.AssetMapper.findById    : ==> Parameters: 1(Long)
2025-12-10T16:16:17.942+08:00 DEBUG 93653 --- [asset-service] [nio-8082-exec-7] c.s.asset.mapper.AssetMapper.findById    : <==      Total: 1
2025-12-10T16:16:17.964+08:00 DEBUG 93653 --- [asset-service] [nio-8082-exec-4] c.s.asset.mapper.AssetMapper.findById    : ==>  Preparing: SELECT id, user_id, name, balance, version, create_time FROM tb_asset WHERE id = ?
2025-12-10T16:16:17.965+08:00 DEBUG 93653 --- [asset-service] [nio-8082-exec-4] c.s.asset.mapper.AssetMapper.findById    : ==> Parameters: 1(Long)
2025-12-10T16:16:17.966+08:00 DEBUG 93653 --- [asset-service] [nio-8082-exec-4] c.s.asset.mapper.AssetMapper.findById    : <==      Total: 1
2025-12-10T16:16:17.990+08:00 DEBUG 93653 --- [asset-service] [nio-8082-exec-5] c.s.asset.mapper.AssetMapper.findById    : ==>  Preparing: SELECT id, user_id, name, balance, version, create_time FROM tb_asset WHERE id = ?
2025-12-10T16:16:17.990+08:00 DEBUG 93653 --- [asset-service] [nio-8082-exec-5] c.s.asset.mapper.AssetMapper.findById    : ==> Parameters: 1(Long)
2025-12-10T16:16:17.992+08:00 DEBUG 93653 --- [asset-service] [nio-8082-exec-5] c.s.asset.mapper.AssetMapper.findById    : <==      Total: 1
2025-12-10T16:16:18.013+08:00 DEBUG 93653 --- [asset-service] [nio-8082-exec-6] c.s.asset.mapper.AssetMapper.findById    : ==>  Preparing: SELECT id, user_id, name, balance, version, create_time FROM tb_asset WHERE id = ?
2025-12-10T16:16:18.014+08:00 DEBUG 93653 --- [asset-service] [nio-8082-exec-6] c.s.asset.mapper.AssetMapper.findById    : ==> Parameters: 1(Long)
2025-12-10T16:16:18.015+08:00 DEBUG 93653 --- [asset-service] [nio-8082-exec-6] c.s.asset.mapper.AssetMapper.findById    : <==      Total: 1
2025-12-10T16:16:18.035+08:00 DEBUG 93653 --- [asset-service] [nio-8082-exec-2] c.s.asset.mapper.AssetMapper.findById    : ==>  Preparing: SELECT id, user_id, name, balance, version, create_time FROM tb_asset WHERE id = ?
2025-12-10T16:16:18.036+08:00 DEBUG 93653 --- [asset-service] [nio-8082-exec-2] c.s.asset.mapper.AssetMapper.findById    : ==> Parameters: 1(Long)
2025-12-10T16:16:18.037+08:00 DEBUG 93653 --- [asset-service] [nio-8082-exec-2] c.s.asset.mapper.AssetMapper.findById    : <==      Total: 1
2025-12-10T16:16:18.059+08:00 DEBUG 93653 --- [asset-service] [nio-8082-exec-3] c.s.asset.mapper.AssetMapper.findById    : ==>  Preparing: SELECT id, user_id, name, balance, version, create_time FROM tb_asset WHERE id = ?
2025-12-10T16:16:18.059+08:00 DEBUG 93653 --- [asset-service] [nio-8082-exec-3] c.s.asset.mapper.AssetMapper.findById    : ==> Parameters: 1(Long)
2025-12-10T16:16:18.060+08:00 DEBUG 93653 --- [asset-service] [nio-8082-exec-3] c.s.asset.mapper.AssetMapper.findById    : <==      Total: 1
2025-12-10T16:16:18.081+08:00 DEBUG 93653 --- [asset-service] [nio-8082-exec-8] c.s.asset.mapper.AssetMapper.findById    : ==>  Preparing: SELECT id, user_id, name, balance, version, create_time FROM tb_asset WHERE id = ?
2025-12-10T16:16:18.081+08:00 DEBUG 93653 --- [asset-service] [nio-8082-exec-8] c.s.asset.mapper.AssetMapper.findById    : ==> Parameters: 1(Long)
2025-12-10T16:16:18.082+08:00 DEBUG 93653 --- [asset-service] [nio-8082-exec-8] c.s.asset.mapper.AssetMapper.findById    : <==      Total: 1
2025-12-10T16:16:18.102+08:00 DEBUG 93653 --- [asset-service] [io-8082-exec-10] c.s.asset.mapper.AssetMapper.findById    : ==>  Preparing: SELECT id, user_id, name, balance, version, create_time FROM tb_asset WHERE id = ?
2025-12-10T16:16:18.102+08:00 DEBUG 93653 --- [asset-service] [io-8082-exec-10] c.s.asset.mapper.AssetMapper.findById    : ==> Parameters: 1(Long)
2025-12-10T16:16:18.103+08:00 DEBUG 93653 --- [asset-service] [io-8082-exec-10] c.s.asset.mapper.AssetMapper.findById    : <==      Total: 1
2025-12-10T16:16:18.123+08:00 DEBUG 93653 --- [asset-service] [nio-8082-exec-1] c.s.asset.mapper.AssetMapper.findById    : ==>  Preparing: SELECT id, user_id, name, balance, version, create_time FROM tb_asset WHERE id = ?
2025-12-10T16:16:18.124+08:00 DEBUG 93653 --- [asset-service] [nio-8082-exec-1] c.s.asset.mapper.AssetMapper.findById    : ==> Parameters: 1(Long)
2025-12-10T16:16:18.125+08:00 DEBUG 93653 --- [asset-service] [nio-8082-exec-1] c.s.asset.mapper.AssetMapper.findById    : <==      Total: 1
2025-12-10T16:16:18.143+08:00 DEBUG 93653 --- [asset-service] [nio-8082-exec-9] c.s.asset.mapper.AssetMapper.findById    : ==>  Preparing: SELECT id, user_id, name, balance, version, create_time FROM tb_asset WHERE id = ?
2025-12-10T16:16:18.143+08:00 DEBUG 93653 --- [asset-service] [nio-8082-exec-9] c.s.asset.mapper.AssetMapper.findById    : ==> Parameters: 1(Long)
2025-12-10T16:16:18.144+08:00 DEBUG 93653 --- [asset-service] [nio-8082-exec-9] c.s.asset.mapper.AssetMapper.findById    : <==      Total: 1
2025-12-10T16:16:18.164+08:00 DEBUG 93653 --- [asset-service] [nio-8082-exec-7] c.s.asset.mapper.AssetMapper.findById    : ==>  Preparing: SELECT id, user_id, name, balance, version, create_time FROM tb_asset WHERE id = ?
2025-12-10T16:16:18.165+08:00 DEBUG 93653 --- [asset-service] [nio-8082-exec-7] c.s.asset.mapper.AssetMapper.findById    : ==> Parameters: 1(Long)
2025-12-10T16:16:18.166+08:00 DEBUG 93653 --- [asset-service] [nio-8082-exec-7] c.s.asset.mapper.AssetMapper.findById    : <==      Total: 1
2025-12-10T16:16:18.188+08:00 DEBUG 93653 --- [asset-service] [nio-8082-exec-4] c.s.asset.mapper.AssetMapper.findById    : ==>  Preparing: SELECT id, user_id, name, balance, version, create_time FROM tb_asset WHERE id = ?
2025-12-10T16:16:18.188+08:00 DEBUG 93653 --- [asset-service] [nio-8082-exec-4] c.s.asset.mapper.AssetMapper.findById    : ==> Parameters: 1(Long)
2025-12-10T16:16:18.190+08:00 DEBUG 93653 --- [asset-service] [nio-8082-exec-4] c.s.asset.mapper.AssetMapper.findById    : <==      Total: 1
2025-12-10T16:16:18.219+08:00 DEBUG 93653 --- [asset-service] [nio-8082-exec-3] c.s.asset.mapper.AssetMapper.findById    : ==>  Preparing: SELECT id, user_id, name, balance, version, create_time FROM tb_asset WHERE id = ?
2025-12-10T16:16:18.219+08:00 DEBUG 93653 --- [asset-service] [nio-8082-exec-8] c.s.asset.mapper.AssetMapper.findById    : ==>  Preparing: SELECT id, user_id, name, balance, version, create_time FROM tb_asset WHERE id = ?
2025-12-10T16:16:18.220+08:00 DEBUG 93653 --- [asset-service] [nio-8082-exec-1] c.s.asset.mapper.AssetMapper.findById    : ==>  Preparing: SELECT id, user_id, name, balance, version, create_time FROM tb_asset WHERE id = ?
2025-12-10T16:16:18.220+08:00 DEBUG 93653 --- [asset-service] [nio-8082-exec-9] c.s.asset.mapper.AssetMapper.findById    : ==>  Preparing: SELECT id, user_id, name, balance, version, create_time FROM tb_asset WHERE id = ?
2025-12-10T16:16:18.220+08:00 DEBUG 93653 --- [asset-service] [nio-8082-exec-8] c.s.asset.mapper.AssetMapper.findById    : ==> Parameters: 1(Long)
2025-12-10T16:16:18.220+08:00 DEBUG 93653 --- [asset-service] [nio-8082-exec-1] c.s.asset.mapper.AssetMapper.findById    : ==> Parameters: 1(Long)
2025-12-10T16:16:18.220+08:00 DEBUG 93653 --- [asset-service] [nio-8082-exec-9] c.s.asset.mapper.AssetMapper.findById    : ==> Parameters: 1(Long)
2025-12-10T16:16:18.219+08:00 DEBUG 93653 --- [asset-service] [io-8082-exec-10] c.s.asset.mapper.AssetMapper.findById    : ==>  Preparing: SELECT id, user_id, name, balance, version, create_time FROM tb_asset WHERE id = ?
2025-12-10T16:16:18.220+08:00 DEBUG 93653 --- [asset-service] [io-8082-exec-10] c.s.asset.mapper.AssetMapper.findById    : ==> Parameters: 1(Long)
2025-12-10T16:16:18.219+08:00 DEBUG 93653 --- [asset-service] [nio-8082-exec-6] c.s.asset.mapper.AssetMapper.findById    : ==>  Preparing: SELECT id, user_id, name, balance, version, create_time FROM tb_asset WHERE id = ?
2025-12-10T16:16:18.219+08:00 DEBUG 93653 --- [asset-service] [nio-8082-exec-5] c.s.asset.mapper.AssetMapper.findById    : ==>  Preparing: SELECT id, user_id, name, balance, version, create_time FROM tb_asset WHERE id = ?
2025-12-10T16:16:18.220+08:00 DEBUG 93653 --- [asset-service] [nio-8082-exec-6] c.s.asset.mapper.AssetMapper.findById    : ==> Parameters: 1(Long)
2025-12-10T16:16:18.220+08:00 DEBUG 93653 --- [asset-service] [nio-8082-exec-5] c.s.asset.mapper.AssetMapper.findById    : ==> Parameters: 1(Long)
2025-12-10T16:16:18.219+08:00 DEBUG 93653 --- [asset-service] [nio-8082-exec-2] c.s.asset.mapper.AssetMapper.findById    : ==>  Preparing: SELECT id, user_id, name, balance, version, create_time FROM tb_asset WHERE id = ?
2025-12-10T16:16:18.221+08:00 DEBUG 93653 --- [asset-service] [nio-8082-exec-2] c.s.asset.mapper.AssetMapper.findById    : ==> Parameters: 1(Long)
2025-12-10T16:16:18.220+08:00 DEBUG 93653 --- [asset-service] [nio-8082-exec-3] c.s.asset.mapper.AssetMapper.findById    : ==> Parameters: 1(Long)
2025-12-10T16:16:18.223+08:00 DEBUG 93653 --- [asset-service] [nio-8082-exec-1] c.s.asset.mapper.AssetMapper.findById    : <==      Total: 1
2025-12-10T16:16:18.224+08:00 DEBUG 93653 --- [asset-service] [nio-8082-exec-6] c.s.asset.mapper.AssetMapper.findById    : <==      Total: 1
2025-12-10T16:16:18.224+08:00 DEBUG 93653 --- [asset-service] [nio-8082-exec-2] c.s.asset.mapper.AssetMapper.findById    : <==      Total: 1
2025-12-10T16:16:18.224+08:00 DEBUG 93653 --- [asset-service] [nio-8082-exec-9] c.s.asset.mapper.AssetMapper.findById    : <==      Total: 1
2025-12-10T16:16:18.224+08:00 DEBUG 93653 --- [asset-service] [nio-8082-exec-3] c.s.asset.mapper.AssetMapper.findById    : <==      Total: 1
2025-12-10T16:16:18.224+08:00 DEBUG 93653 --- [asset-service] [nio-8082-exec-5] c.s.asset.mapper.AssetMapper.findById    : <==      Total: 1
2025-12-10T16:16:18.224+08:00 DEBUG 93653 --- [asset-service] [io-8082-exec-10] c.s.asset.mapper.AssetMapper.findById    : <==      Total: 1
2025-12-10T16:16:18.224+08:00 DEBUG 93653 --- [asset-service] [nio-8082-exec-8] c.s.asset.mapper.AssetMapper.findById    : <==      Total: 1
2025-12-10T16:16:18.226+08:00 DEBUG 93653 --- [asset-service] [nio-8082-exec-7] c.s.asset.mapper.AssetMapper.findById    : ==>  Preparing: SELECT id, user_id, name, balance, version, create_time FROM tb_asset WHERE id = ?
2025-12-10T16:16:18.226+08:00 DEBUG 93653 --- [asset-service] [nio-8082-exec-8] c.s.asset.mapper.AssetMapper.findById    : ==>  Preparing: SELECT id, user_id, name, balance, version, create_time FROM tb_asset WHERE id = ?
2025-12-10T16:16:18.226+08:00 DEBUG 93653 --- [asset-service] [io-8082-exec-11] c.s.asset.mapper.AssetMapper.findById    : ==>  Preparing: SELECT id, user_id, name, balance, version, create_time FROM tb_asset WHERE id = ?
2025-12-10T16:16:18.226+08:00 DEBUG 93653 --- [asset-service] [nio-8082-exec-8] c.s.asset.mapper.AssetMapper.findById    : ==> Parameters: 1(Long)
2025-12-10T16:16:18.226+08:00 DEBUG 93653 --- [asset-service] [io-8082-exec-11] c.s.asset.mapper.AssetMapper.findById    : ==> Parameters: 1(Long)
2025-12-10T16:16:18.226+08:00 DEBUG 93653 --- [asset-service] [nio-8082-exec-7] c.s.asset.mapper.AssetMapper.findById    : ==> Parameters: 1(Long)
2025-12-10T16:16:18.228+08:00 DEBUG 93653 --- [asset-service] [nio-8082-exec-4] c.s.asset.mapper.AssetMapper.findById    : ==>  Preparing: SELECT id, user_id, name, balance, version, create_time FROM tb_asset WHERE id = ?
2025-12-10T16:16:18.228+08:00 DEBUG 93653 --- [asset-service] [io-8082-exec-10] c.s.asset.mapper.AssetMapper.findById    : ==>  Preparing: SELECT id, user_id, name, balance, version, create_time FROM tb_asset WHERE id = ?
2025-12-10T16:16:18.228+08:00 DEBUG 93653 --- [asset-service] [nio-8082-exec-4] c.s.asset.mapper.AssetMapper.findById    : ==> Parameters: 1(Long)
2025-12-10T16:16:18.228+08:00 DEBUG 93653 --- [asset-service] [io-8082-exec-10] c.s.asset.mapper.AssetMapper.findById    : ==> Parameters: 1(Long)
2025-12-10T16:16:18.228+08:00 DEBUG 93653 --- [asset-service] [io-8082-exec-11] c.s.asset.mapper.AssetMapper.findById    : <==      Total: 1
2025-12-10T16:16:18.228+08:00 DEBUG 93653 --- [asset-service] [nio-8082-exec-6] c.s.asset.mapper.AssetMapper.findById    : ==>  Preparing: SELECT id, user_id, name, balance, version, create_time FROM tb_asset WHERE id = ?
2025-12-10T16:16:18.228+08:00 DEBUG 93653 --- [asset-service] [nio-8082-exec-7] c.s.asset.mapper.AssetMapper.findById    : <==      Total: 1
2025-12-10T16:16:18.228+08:00 DEBUG 93653 --- [asset-service] [nio-8082-exec-9] c.s.asset.mapper.AssetMapper.findById    : ==>  Preparing: SELECT id, user_id, name, balance, version, create_time FROM tb_asset WHERE id = ?
2025-12-10T16:16:18.228+08:00 DEBUG 93653 --- [asset-service] [nio-8082-exec-8] c.s.asset.mapper.AssetMapper.findById    : <==      Total: 1
2025-12-10T16:16:18.229+08:00 DEBUG 93653 --- [asset-service] [nio-8082-exec-6] c.s.asset.mapper.AssetMapper.findById    : ==> Parameters: 1(Long)
2025-12-10T16:16:18.229+08:00 DEBUG 93653 --- [asset-service] [nio-8082-exec-9] c.s.asset.mapper.AssetMapper.findById    : ==> Parameters: 1(Long)
2025-12-10T16:16:18.229+08:00 DEBUG 93653 --- [asset-service] [nio-8082-exec-3] c.s.asset.mapper.AssetMapper.findById    : ==>  Preparing: SELECT id, user_id, name, balance, version, create_time FROM tb_asset WHERE id = ?
2025-12-10T16:16:18.229+08:00 DEBUG 93653 --- [asset-service] [nio-8082-exec-3] c.s.asset.mapper.AssetMapper.findById    : ==> Parameters: 1(Long)
2025-12-10T16:16:18.229+08:00 DEBUG 93653 --- [asset-service] [nio-8082-exec-5] c.s.asset.mapper.AssetMapper.findById    : ==>  Preparing: SELECT id, user_id, name, balance, version, create_time FROM tb_asset WHERE id = ?
2025-12-10T16:16:18.230+08:00 DEBUG 93653 --- [asset-service] [nio-8082-exec-4] c.s.asset.mapper.AssetMapper.findById    : <==      Total: 1
2025-12-10T16:16:18.230+08:00 DEBUG 93653 --- [asset-service] [io-8082-exec-10] c.s.asset.mapper.AssetMapper.findById    : <==      Total: 1
2025-12-10T16:16:18.230+08:00 DEBUG 93653 --- [asset-service] [nio-8082-exec-9] c.s.asset.mapper.AssetMapper.findById    : <==      Total: 1
2025-12-10T16:16:18.230+08:00 DEBUG 93653 --- [asset-service] [nio-8082-exec-6] c.s.asset.mapper.AssetMapper.findById    : <==      Total: 1
2025-12-10T16:16:18.230+08:00 DEBUG 93653 --- [asset-service] [nio-8082-exec-5] c.s.asset.mapper.AssetMapper.findById    : ==> Parameters: 1(Long)
2025-12-10T16:16:18.230+08:00 DEBUG 93653 --- [asset-service] [nio-8082-exec-3] c.s.asset.mapper.AssetMapper.findById    : <==      Total: 1
2025-12-10T16:16:18.230+08:00 DEBUG 93653 --- [asset-service] [io-8082-exec-12] c.s.asset.mapper.AssetMapper.findById    : ==>  Preparing: SELECT id, user_id, name, balance, version, create_time FROM tb_asset WHERE id = ?
2025-12-10T16:16:18.230+08:00 DEBUG 93653 --- [asset-service] [io-8082-exec-12] c.s.asset.mapper.AssetMapper.findById    : ==> Parameters: 1(Long)
2025-12-10T16:16:18.231+08:00 DEBUG 93653 --- [asset-service] [nio-8082-exec-5] c.s.asset.mapper.AssetMapper.findById    : <==      Total: 1
2025-12-10T16:16:18.231+08:00 DEBUG 93653 --- [asset-service] [io-8082-exec-12] c.s.asset.mapper.AssetMapper.findById    : <==      Total: 1
2025-12-10T16:16:18.267+08:00 DEBUG 93653 --- [asset-service] [nio-8082-exec-4] c.s.asset.mapper.AssetMapper.findById    : ==>  Preparing: SELECT id, user_id, name, balance, version, create_time FROM tb_asset WHERE id = ?
2025-12-10T16:16:18.267+08:00 DEBUG 93653 --- [asset-service] [io-8082-exec-11] c.s.asset.mapper.AssetMapper.findById    : ==>  Preparing: SELECT id, user_id, name, balance, version, create_time FROM tb_asset WHERE id = ?
2025-12-10T16:16:18.267+08:00 DEBUG 93653 --- [asset-service] [nio-8082-exec-8] c.s.asset.mapper.AssetMapper.findById    : ==>  Preparing: SELECT id, user_id, name, balance, version, create_time FROM tb_asset WHERE id = ?
2025-12-10T16:16:18.267+08:00 DEBUG 93653 --- [asset-service] [nio-8082-exec-5] c.s.asset.mapper.AssetMapper.findById    : ==>  Preparing: SELECT id, user_id, name, balance, version, create_time FROM tb_asset WHERE id = ?
2025-12-10T16:16:18.267+08:00 DEBUG 93653 --- [asset-service] [io-8082-exec-10] c.s.asset.mapper.AssetMapper.findById    : ==>  Preparing: SELECT id, user_id, name, balance, version, create_time FROM tb_asset WHERE id = ?
2025-12-10T16:16:18.267+08:00 DEBUG 93653 --- [asset-service] [nio-8082-exec-9] c.s.asset.mapper.AssetMapper.findById    : ==>  Preparing: SELECT id, user_id, name, balance, version, create_time FROM tb_asset WHERE id = ?
2025-12-10T16:16:18.267+08:00 DEBUG 93653 --- [asset-service] [nio-8082-exec-6] c.s.asset.mapper.AssetMapper.findById    : ==>  Preparing: SELECT id, user_id, name, balance, version, create_time FROM tb_asset WHERE id = ?
2025-12-10T16:16:18.267+08:00 DEBUG 93653 --- [asset-service] [nio-8082-exec-1] c.s.asset.mapper.AssetMapper.findById    : ==>  Preparing: SELECT id, user_id, name, balance, version, create_time FROM tb_asset WHERE id = ?
2025-12-10T16:16:18.267+08:00 DEBUG 93653 --- [asset-service] [nio-8082-exec-3] c.s.asset.mapper.AssetMapper.findById    : ==>  Preparing: SELECT id, user_id, name, balance, version, create_time FROM tb_asset WHERE id = ?
2025-12-10T16:16:18.268+08:00 DEBUG 93653 --- [asset-service] [nio-8082-exec-5] c.s.asset.mapper.AssetMapper.findById    : ==> Parameters: 1(Long)
2025-12-10T16:16:18.268+08:00 DEBUG 93653 --- [asset-service] [io-8082-exec-11] c.s.asset.mapper.AssetMapper.findById    : ==> Parameters: 1(Long)
2025-12-10T16:16:18.268+08:00 DEBUG 93653 --- [asset-service] [nio-8082-exec-6] c.s.asset.mapper.AssetMapper.findById    : ==> Parameters: 1(Long)
2025-12-10T16:16:18.268+08:00 DEBUG 93653 --- [asset-service] [nio-8082-exec-8] c.s.asset.mapper.AssetMapper.findById    : ==> Parameters: 1(Long)
2025-12-10T16:16:18.268+08:00 DEBUG 93653 --- [asset-service] [nio-8082-exec-3] c.s.asset.mapper.AssetMapper.findById    : ==> Parameters: 1(Long)
2025-12-10T16:16:18.268+08:00 DEBUG 93653 --- [asset-service] [io-8082-exec-10] c.s.asset.mapper.AssetMapper.findById    : ==> Parameters: 1(Long)
2025-12-10T16:16:18.268+08:00 DEBUG 93653 --- [asset-service] [nio-8082-exec-4] c.s.asset.mapper.AssetMapper.findById    : ==> Parameters: 1(Long)
2025-12-10T16:16:18.268+08:00 DEBUG 93653 --- [asset-service] [nio-8082-exec-9] c.s.asset.mapper.AssetMapper.findById    : ==> Parameters: 1(Long)
2025-12-10T16:16:18.267+08:00 DEBUG 93653 --- [asset-service] [nio-8082-exec-2] c.s.asset.mapper.AssetMapper.findById    : ==>  Preparing: SELECT id, user_id, name, balance, version, create_time FROM tb_asset WHERE id = ?
2025-12-10T16:16:18.268+08:00 DEBUG 93653 --- [asset-service] [nio-8082-exec-1] c.s.asset.mapper.AssetMapper.findById    : ==> Parameters: 1(Long)
2025-12-10T16:16:18.269+08:00 DEBUG 93653 --- [asset-service] [nio-8082-exec-2] c.s.asset.mapper.AssetMapper.findById    : ==> Parameters: 1(Long)
2025-12-10T16:16:18.271+08:00 DEBUG 93653 --- [asset-service] [io-8082-exec-11] c.s.asset.mapper.AssetMapper.findById    : <==      Total: 1
2025-12-10T16:16:18.271+08:00 DEBUG 93653 --- [asset-service] [nio-8082-exec-5] c.s.asset.mapper.AssetMapper.findById    : <==      Total: 1
2025-12-10T16:16:18.271+08:00 DEBUG 93653 --- [asset-service] [io-8082-exec-10] c.s.asset.mapper.AssetMapper.findById    : <==      Total: 1
2025-12-10T16:16:18.271+08:00 DEBUG 93653 --- [asset-service] [nio-8082-exec-8] c.s.asset.mapper.AssetMapper.findById    : <==      Total: 1
2025-12-10T16:16:18.271+08:00 DEBUG 93653 --- [asset-service] [nio-8082-exec-9] c.s.asset.mapper.AssetMapper.findById    : <==      Total: 1
2025-12-10T16:16:18.271+08:00 DEBUG 93653 --- [asset-service] [nio-8082-exec-1] c.s.asset.mapper.AssetMapper.findById    : <==      Total: 1
2025-12-10T16:16:18.271+08:00 DEBUG 93653 --- [asset-service] [nio-8082-exec-2] c.s.asset.mapper.AssetMapper.findById    : <==      Total: 1
2025-12-10T16:16:18.271+08:00 DEBUG 93653 --- [asset-service] [nio-8082-exec-3] c.s.asset.mapper.AssetMapper.findById    : <==      Total: 1
2025-12-10T16:16:18.271+08:00 DEBUG 93653 --- [asset-service] [nio-8082-exec-4] c.s.asset.mapper.AssetMapper.findById    : <==      Total: 1
2025-12-10T16:16:18.271+08:00 DEBUG 93653 --- [asset-service] [io-8082-exec-13] c.s.asset.mapper.AssetMapper.findById    : ==>  Preparing: SELECT id, user_id, name, balance, version, create_time FROM tb_asset WHERE id = ?
2025-12-10T16:16:18.272+08:00 DEBUG 93653 --- [asset-service] [nio-8082-exec-7] c.s.asset.mapper.AssetMapper.findById    : ==>  Preparing: SELECT id, user_id, name, balance, version, create_time FROM tb_asset WHERE id = ?
2025-12-10T16:16:18.271+08:00 DEBUG 93653 --- [asset-service] [nio-8082-exec-6] c.s.asset.mapper.AssetMapper.findById    : <==      Total: 1
2025-12-10T16:16:18.272+08:00 DEBUG 93653 --- [asset-service] [io-8082-exec-14] c.s.asset.mapper.AssetMapper.findById    : ==>  Preparing: SELECT id, user_id, name, balance, version, create_time FROM tb_asset WHERE id = ?
2025-12-10T16:16:18.272+08:00 DEBUG 93653 --- [asset-service] [io-8082-exec-12] c.s.asset.mapper.AssetMapper.findById    : ==>  Preparing: SELECT id, user_id, name, balance, version, create_time FROM tb_asset WHERE id = ?
2025-12-10T16:16:18.272+08:00 DEBUG 93653 --- [asset-service] [io-8082-exec-17] c.s.asset.mapper.AssetMapper.findById    : ==>  Preparing: SELECT id, user_id, name, balance, version, create_time FROM tb_asset WHERE id = ?
2025-12-10T16:16:18.272+08:00 DEBUG 93653 --- [asset-service] [io-8082-exec-13] c.s.asset.mapper.AssetMapper.findById    : ==> Parameters: 1(Long)
2025-12-10T16:16:18.272+08:00 DEBUG 93653 --- [asset-service] [io-8082-exec-14] c.s.asset.mapper.AssetMapper.findById    : ==> Parameters: 1(Long)
2025-12-10T16:16:18.272+08:00 DEBUG 93653 --- [asset-service] [nio-8082-exec-7] c.s.asset.mapper.AssetMapper.findById    : ==> Parameters: 1(Long)
2025-12-10T16:16:18.272+08:00 DEBUG 93653 --- [asset-service] [io-8082-exec-16] c.s.asset.mapper.AssetMapper.findById    : ==>  Preparing: SELECT id, user_id, name, balance, version, create_time FROM tb_asset WHERE id = ?
2025-12-10T16:16:18.272+08:00 DEBUG 93653 --- [asset-service] [io-8082-exec-15] c.s.asset.mapper.AssetMapper.findById    : ==>  Preparing: SELECT id, user_id, name, balance, version, create_time FROM tb_asset WHERE id = ?
2025-12-10T16:16:18.272+08:00 DEBUG 93653 --- [asset-service] [io-8082-exec-12] c.s.asset.mapper.AssetMapper.findById    : ==> Parameters: 1(Long)
2025-12-10T16:16:18.272+08:00 DEBUG 93653 --- [asset-service] [io-8082-exec-17] c.s.asset.mapper.AssetMapper.findById    : ==> Parameters: 1(Long)
2025-12-10T16:16:18.272+08:00 DEBUG 93653 --- [asset-service] [io-8082-exec-16] c.s.asset.mapper.AssetMapper.findById    : ==> Parameters: 1(Long)
2025-12-10T16:16:18.272+08:00 DEBUG 93653 --- [asset-service] [io-8082-exec-15] c.s.asset.mapper.AssetMapper.findById    : ==> Parameters: 1(Long)
2025-12-10T16:16:18.272+08:00 DEBUG 93653 --- [asset-service] [io-8082-exec-18] c.s.asset.mapper.AssetMapper.findById    : ==>  Preparing: SELECT id, user_id, name, balance, version, create_time FROM tb_asset WHERE id = ?
2025-12-10T16:16:18.273+08:00 DEBUG 93653 --- [asset-service] [io-8082-exec-18] c.s.asset.mapper.AssetMapper.findById    : ==> Parameters: 1(Long)
2025-12-10T16:16:18.273+08:00 DEBUG 93653 --- [asset-service] [io-8082-exec-19] c.s.asset.mapper.AssetMapper.findById    : ==>  Preparing: SELECT id, user_id, name, balance, version, create_time FROM tb_asset WHERE id = ?
2025-12-10T16:16:18.273+08:00 DEBUG 93653 --- [asset-service] [io-8082-exec-20] c.s.asset.mapper.AssetMapper.findById    : ==>  Preparing: SELECT id, user_id, name, balance, version, create_time FROM tb_asset WHERE id = ?
2025-12-10T16:16:18.273+08:00 DEBUG 93653 --- [asset-service] [io-8082-exec-19] c.s.asset.mapper.AssetMapper.findById    : ==> Parameters: 1(Long)
2025-12-10T16:16:18.273+08:00 DEBUG 93653 --- [asset-service] [io-8082-exec-20] c.s.asset.mapper.AssetMapper.findById    : ==> Parameters: 1(Long)
2025-12-10T16:16:18.273+08:00 DEBUG 93653 --- [asset-service] [nio-8082-exec-7] c.s.asset.mapper.AssetMapper.findById    : <==      Total: 1
2025-12-10T16:16:18.273+08:00 DEBUG 93653 --- [asset-service] [io-8082-exec-15] c.s.asset.mapper.AssetMapper.findById    : <==      Total: 1
2025-12-10T16:16:18.273+08:00 DEBUG 93653 --- [asset-service] [io-8082-exec-13] c.s.asset.mapper.AssetMapper.findById    : <==      Total: 1
2025-12-10T16:16:18.273+08:00 DEBUG 93653 --- [asset-service] [io-8082-exec-14] c.s.asset.mapper.AssetMapper.findById    : <==      Total: 1
2025-12-10T16:16:18.273+08:00 DEBUG 93653 --- [asset-service] [io-8082-exec-12] c.s.asset.mapper.AssetMapper.findById    : <==      Total: 1
2025-12-10T16:16:18.273+08:00 DEBUG 93653 --- [asset-service] [io-8082-exec-17] c.s.asset.mapper.AssetMapper.findById    : <==      Total: 1
2025-12-10T16:16:18.274+08:00 DEBUG 93653 --- [asset-service] [io-8082-exec-21] c.s.asset.mapper.AssetMapper.findById    : ==>  Preparing: SELECT id, user_id, name, balance, version, create_time FROM tb_asset WHERE id = ?
2025-12-10T16:16:18.274+08:00 DEBUG 93653 --- [asset-service] [nio-8082-exec-8] c.s.asset.mapper.AssetMapper.findById    : ==>  Preparing: SELECT id, user_id, name, balance, version, create_time FROM tb_asset WHERE id = ?
2025-12-10T16:16:18.274+08:00 DEBUG 93653 --- [asset-service] [io-8082-exec-21] c.s.asset.mapper.AssetMapper.findById    : ==> Parameters: 1(Long)
2025-12-10T16:16:18.274+08:00 DEBUG 93653 --- [asset-service] [nio-8082-exec-3] c.s.asset.mapper.AssetMapper.findById    : ==>  Preparing: SELECT id, user_id, name, balance, version, create_time FROM tb_asset WHERE id = ?
2025-12-10T16:16:18.274+08:00 DEBUG 93653 --- [asset-service] [io-8082-exec-11] c.s.asset.mapper.AssetMapper.findById    : ==>  Preparing: SELECT id, user_id, name, balance, version, create_time FROM tb_asset WHERE id = ?
2025-12-10T16:16:18.274+08:00 DEBUG 93653 --- [asset-service] [nio-8082-exec-6] c.s.asset.mapper.AssetMapper.findById    : ==>  Preparing: SELECT id, user_id, name, balance, version, create_time FROM tb_asset WHERE id = ?
2025-12-10T16:16:18.274+08:00 DEBUG 93653 --- [asset-service] [io-8082-exec-11] c.s.asset.mapper.AssetMapper.findById    : ==> Parameters: 1(Long)
2025-12-10T16:16:18.274+08:00 DEBUG 93653 --- [asset-service] [nio-8082-exec-3] c.s.asset.mapper.AssetMapper.findById    : ==> Parameters: 1(Long)
2025-12-10T16:16:18.273+08:00 DEBUG 93653 --- [asset-service] [io-8082-exec-16] c.s.asset.mapper.AssetMapper.findById    : <==      Total: 1
2025-12-10T16:16:18.273+08:00 DEBUG 93653 --- [asset-service] [io-8082-exec-22] c.s.asset.mapper.AssetMapper.findById    : ==>  Preparing: SELECT id, user_id, name, balance, version, create_time FROM tb_asset WHERE id = ?
2025-12-10T16:16:18.274+08:00 DEBUG 93653 --- [asset-service] [io-8082-exec-18] c.s.asset.mapper.AssetMapper.findById    : <==      Total: 1
2025-12-10T16:16:18.274+08:00 DEBUG 93653 --- [asset-service] [io-8082-exec-20] c.s.asset.mapper.AssetMapper.findById    : <==      Total: 1
2025-12-10T16:16:18.274+08:00 DEBUG 93653 --- [asset-service] [io-8082-exec-19] c.s.asset.mapper.AssetMapper.findById    : <==      Total: 1
2025-12-10T16:16:18.275+08:00 DEBUG 93653 --- [asset-service] [io-8082-exec-21] c.s.asset.mapper.AssetMapper.findById    : <==      Total: 1
2025-12-10T16:16:18.275+08:00 DEBUG 93653 --- [asset-service] [nio-8082-exec-6] c.s.asset.mapper.AssetMapper.findById    : ==> Parameters: 1(Long)
2025-12-10T16:16:18.275+08:00 DEBUG 93653 --- [asset-service] [io-8082-exec-11] c.s.asset.mapper.AssetMapper.findById    : <==      Total: 1
2025-12-10T16:16:18.275+08:00 DEBUG 93653 --- [asset-service] [nio-8082-exec-3] c.s.asset.mapper.AssetMapper.findById    : <==      Total: 1
2025-12-10T16:16:18.275+08:00 DEBUG 93653 --- [asset-service] [io-8082-exec-22] c.s.asset.mapper.AssetMapper.findById    : ==> Parameters: 1(Long)
2025-12-10T16:16:18.275+08:00 DEBUG 93653 --- [asset-service] [nio-8082-exec-2] c.s.asset.mapper.AssetMapper.findById    : ==>  Preparing: SELECT id, user_id, name, balance, version, create_time FROM tb_asset WHERE id = ?
2025-12-10T16:16:18.276+08:00 DEBUG 93653 --- [asset-service] [nio-8082-exec-2] c.s.asset.mapper.AssetMapper.findById    : ==> Parameters: 1(Long)
2025-12-10T16:16:18.276+08:00 DEBUG 93653 --- [asset-service] [io-8082-exec-23] c.s.asset.mapper.AssetMapper.findById    : ==>  Preparing: SELECT id, user_id, name, balance, version, create_time FROM tb_asset WHERE id = ?
2025-12-10T16:16:18.276+08:00 DEBUG 93653 --- [asset-service] [nio-8082-exec-4] c.s.asset.mapper.AssetMapper.findById    : ==>  Preparing: SELECT id, user_id, name, balance, version, create_time FROM tb_asset WHERE id = ?
2025-12-10T16:16:18.276+08:00 DEBUG 93653 --- [asset-service] [io-8082-exec-23] c.s.asset.mapper.AssetMapper.findById    : ==> Parameters: 1(Long)
2025-12-10T16:16:18.276+08:00 DEBUG 93653 --- [asset-service] [nio-8082-exec-4] c.s.asset.mapper.AssetMapper.findById    : ==> Parameters: 1(Long)
2025-12-10T16:16:18.276+08:00 DEBUG 93653 --- [asset-service] [nio-8082-exec-8] c.s.asset.mapper.AssetMapper.findById    : ==> Parameters: 1(Long)
2025-12-10T16:16:18.277+08:00 DEBUG 93653 --- [asset-service] [nio-8082-exec-4] c.s.asset.mapper.AssetMapper.findById    : <==      Total: 1
2025-12-10T16:16:18.277+08:00 DEBUG 93653 --- [asset-service] [io-8082-exec-10] c.s.asset.mapper.AssetMapper.findById    : ==>  Preparing: SELECT id, user_id, name, balance, version, create_time FROM tb_asset WHERE id = ?
2025-12-10T16:16:18.277+08:00 DEBUG 93653 --- [asset-service] [io-8082-exec-15] c.s.asset.mapper.AssetMapper.findById    : ==>  Preparing: SELECT id, user_id, name, balance, version, create_time FROM tb_asset WHERE id = ?
2025-12-10T16:16:18.277+08:00 DEBUG 93653 --- [asset-service] [io-8082-exec-10] c.s.asset.mapper.AssetMapper.findById    : ==> Parameters: 1(Long)
2025-12-10T16:16:18.277+08:00 DEBUG 93653 --- [asset-service] [io-8082-exec-23] c.s.asset.mapper.AssetMapper.findById    : <==      Total: 1
2025-12-10T16:16:18.277+08:00 DEBUG 93653 --- [asset-service] [io-8082-exec-15] c.s.asset.mapper.AssetMapper.findById    : ==> Parameters: 1(Long)
2025-12-10T16:16:18.277+08:00 DEBUG 93653 --- [asset-service] [nio-8082-exec-8] c.s.asset.mapper.AssetMapper.findById    : <==      Total: 1
2025-12-10T16:16:18.277+08:00 DEBUG 93653 --- [asset-service] [nio-8082-exec-9] c.s.asset.mapper.AssetMapper.findById    : ==>  Preparing: SELECT id, user_id, name, balance, version, create_time FROM tb_asset WHERE id = ?
2025-12-10T16:16:18.277+08:00 DEBUG 93653 --- [asset-service] [nio-8082-exec-9] c.s.asset.mapper.AssetMapper.findById    : ==> Parameters: 1(Long)
2025-12-10T16:16:18.278+08:00 DEBUG 93653 --- [asset-service] [io-8082-exec-22] c.s.asset.mapper.AssetMapper.findById    : <==      Total: 1
2025-12-10T16:16:18.279+08:00 DEBUG 93653 --- [asset-service] [io-8082-exec-15] c.s.asset.mapper.AssetMapper.findById    : <==      Total: 1
2025-12-10T16:16:18.279+08:00 DEBUG 93653 --- [asset-service] [nio-8082-exec-2] c.s.asset.mapper.AssetMapper.findById    : <==      Total: 1
2025-12-10T16:16:18.279+08:00 DEBUG 93653 --- [asset-service] [nio-8082-exec-9] c.s.asset.mapper.AssetMapper.findById    : <==      Total: 1
2025-12-10T16:16:18.280+08:00 DEBUG 93653 --- [asset-service] [io-8082-exec-10] c.s.asset.mapper.AssetMapper.findById    : <==      Total: 1
2025-12-10T16:16:18.281+08:00 DEBUG 93653 --- [asset-service] [nio-8082-exec-6] c.s.asset.mapper.AssetMapper.findById    : <==      Total: 1
2025-12-10T16:17:56.149+08:00 DEBUG 93653 --- [asset-service] [nio-8082-exec-4] c.s.asset.mapper.AssetMapper.findById    : ==>  Preparing: SELECT id, user_id, name, balance, version, create_time FROM tb_asset WHERE id = ?
2025-12-10T16:17:56.149+08:00 DEBUG 93653 --- [asset-service] [nio-8082-exec-4] c.s.asset.mapper.AssetMapper.findById    : ==> Parameters: 1(Long)
2025-12-10T16:17:56.151+08:00 DEBUG 93653 --- [asset-service] [nio-8082-exec-4] c.s.asset.mapper.AssetMapper.findById    : <==      Total: 1
2025-12-10T16:17:56.305+08:00 DEBUG 93653 --- [asset-service] [io-8082-exec-23] c.s.asset.mapper.AssetMapper.findById    : ==>  Preparing: SELECT id, user_id, name, balance, version, create_time FROM tb_asset WHERE id = ?
2025-12-10T16:17:56.305+08:00 DEBUG 93653 --- [asset-service] [io-8082-exec-23] c.s.asset.mapper.AssetMapper.findById    : ==> Parameters: 1(Long)
2025-12-10T16:17:56.307+08:00 DEBUG 93653 --- [asset-service] [io-8082-exec-23] c.s.asset.mapper.AssetMapper.findById    : <==      Total: 1
2025-12-10T16:17:56.379+08:00 DEBUG 93653 --- [asset-service] [io-8082-exec-10] c.s.asset.mapper.AssetMapper.findById    : ==>  Preparing: SELECT id, user_id, name, balance, version, create_time FROM tb_asset WHERE id = ?
2025-12-10T16:17:56.379+08:00 DEBUG 93653 --- [asset-service] [io-8082-exec-10] c.s.asset.mapper.AssetMapper.findById    : ==> Parameters: 1(Long)
2025-12-10T16:17:56.381+08:00 DEBUG 93653 --- [asset-service] [io-8082-exec-10] c.s.asset.mapper.AssetMapper.findById    : <==      Total: 1
2025-12-10T16:17:56.449+08:00 DEBUG 93653 --- [asset-service] [io-8082-exec-22] c.s.asset.mapper.AssetMapper.findById    : ==>  Preparing: SELECT id, user_id, name, balance, version, create_time FROM tb_asset WHERE id = ?
2025-12-10T16:17:56.450+08:00 DEBUG 93653 --- [asset-service] [io-8082-exec-22] c.s.asset.mapper.AssetMapper.findById    : ==> Parameters: 1(Long)
2025-12-10T16:17:56.451+08:00 DEBUG 93653 --- [asset-service] [io-8082-exec-22] c.s.asset.mapper.AssetMapper.findById    : <==      Total: 1
2025-12-10T16:17:56.522+08:00 DEBUG 93653 --- [asset-service] [io-8082-exec-24] c.s.asset.mapper.AssetMapper.findById    : ==>  Preparing: SELECT id, user_id, name, balance, version, create_time FROM tb_asset WHERE id = ?
2025-12-10T16:17:56.522+08:00 DEBUG 93653 --- [asset-service] [io-8082-exec-24] c.s.asset.mapper.AssetMapper.findById    : ==> Parameters: 1(Long)
2025-12-10T16:17:56.524+08:00 DEBUG 93653 --- [asset-service] [io-8082-exec-24] c.s.asset.mapper.AssetMapper.findById    : <==      Total: 1
2025-12-10T16:17:56.593+08:00 DEBUG 93653 --- [asset-service] [io-8082-exec-16] c.s.asset.mapper.AssetMapper.findById    : ==>  Preparing: SELECT id, user_id, name, balance, version, create_time FROM tb_asset WHERE id = ?
2025-12-10T16:17:56.593+08:00 DEBUG 93653 --- [asset-service] [io-8082-exec-16] c.s.asset.mapper.AssetMapper.findById    : ==> Parameters: 1(Long)
2025-12-10T16:17:56.594+08:00 DEBUG 93653 --- [asset-service] [io-8082-exec-16] c.s.asset.mapper.AssetMapper.findById    : <==      Total: 1
2025-12-10T16:17:56.661+08:00 DEBUG 93653 --- [asset-service] [nio-8082-exec-6] c.s.asset.mapper.AssetMapper.findById    : ==>  Preparing: SELECT id, user_id, name, balance, version, create_time FROM tb_asset WHERE id = ?
2025-12-10T16:17:56.661+08:00 DEBUG 93653 --- [asset-service] [nio-8082-exec-6] c.s.asset.mapper.AssetMapper.findById    : ==> Parameters: 1(Long)
2025-12-10T16:17:56.662+08:00 DEBUG 93653 --- [asset-service] [nio-8082-exec-6] c.s.asset.mapper.AssetMapper.findById    : <==      Total: 1
2025-12-10T16:17:56.725+08:00 DEBUG 93653 --- [asset-service] [io-8082-exec-25] c.s.asset.mapper.AssetMapper.findById    : ==>  Preparing: SELECT id, user_id, name, balance, version, create_time FROM tb_asset WHERE id = ?
2025-12-10T16:17:56.725+08:00 DEBUG 93653 --- [asset-service] [io-8082-exec-25] c.s.asset.mapper.AssetMapper.findById    : ==> Parameters: 1(Long)
2025-12-10T16:17:56.726+08:00 DEBUG 93653 --- [asset-service] [io-8082-exec-25] c.s.asset.mapper.AssetMapper.findById    : <==      Total: 1
2025-12-10T16:17:56.791+08:00 DEBUG 93653 --- [asset-service] [nio-8082-exec-2] c.s.asset.mapper.AssetMapper.findById    : ==>  Preparing: SELECT id, user_id, name, balance, version, create_time FROM tb_asset WHERE id = ?
2025-12-10T16:17:56.792+08:00 DEBUG 93653 --- [asset-service] [nio-8082-exec-2] c.s.asset.mapper.AssetMapper.findById    : ==> Parameters: 1(Long)
2025-12-10T16:17:56.794+08:00 DEBUG 93653 --- [asset-service] [nio-8082-exec-2] c.s.asset.mapper.AssetMapper.findById    : <==      Total: 1
2025-12-10T16:17:56.859+08:00 DEBUG 93653 --- [asset-service] [io-8082-exec-15] c.s.asset.mapper.AssetMapper.findById    : ==>  Preparing: SELECT id, user_id, name, balance, version, create_time FROM tb_asset WHERE id = ?
2025-12-10T16:17:56.859+08:00 DEBUG 93653 --- [asset-service] [io-8082-exec-15] c.s.asset.mapper.AssetMapper.findById    : ==> Parameters: 1(Long)
2025-12-10T16:17:56.860+08:00 DEBUG 93653 --- [asset-service] [io-8082-exec-15] c.s.asset.mapper.AssetMapper.findById    : <==      Total: 1
2025-12-10T16:17:56.914+08:00 DEBUG 93653 --- [asset-service] [io-8082-exec-23] c.s.asset.mapper.AssetMapper.findById    : ==>  Preparing: SELECT id, user_id, name, balance, version, create_time FROM tb_asset WHERE id = ?
2025-12-10T16:17:56.914+08:00 DEBUG 93653 --- [asset-service] [io-8082-exec-23] c.s.asset.mapper.AssetMapper.findById    : ==> Parameters: 1(Long)
2025-12-10T16:17:56.916+08:00 DEBUG 93653 --- [asset-service] [nio-8082-exec-8] c.s.asset.mapper.AssetMapper.findById    : ==>  Preparing: SELECT id, user_id, name, balance, version, create_time FROM tb_asset WHERE id = ?
2025-12-10T16:17:56.917+08:00 DEBUG 93653 --- [asset-service] [nio-8082-exec-8] c.s.asset.mapper.AssetMapper.findById    : ==> Parameters: 1(Long)
2025-12-10T16:17:56.918+08:00 DEBUG 93653 --- [asset-service] [io-8082-exec-22] c.s.asset.mapper.AssetMapper.findById    : ==>  Preparing: SELECT id, user_id, name, balance, version, create_time FROM tb_asset WHERE id = ?
2025-12-10T16:17:56.918+08:00 DEBUG 93653 --- [asset-service] [nio-8082-exec-4] c.s.asset.mapper.AssetMapper.findById    : ==>  Preparing: SELECT id, user_id, name, balance, version, create_time FROM tb_asset WHERE id = ?
2025-12-10T16:17:56.918+08:00 DEBUG 93653 --- [asset-service] [io-8082-exec-22] c.s.asset.mapper.AssetMapper.findById    : ==> Parameters: 1(Long)
2025-12-10T16:17:56.918+08:00 DEBUG 93653 --- [asset-service] [nio-8082-exec-4] c.s.asset.mapper.AssetMapper.findById    : ==> Parameters: 1(Long)
2025-12-10T16:17:56.918+08:00 DEBUG 93653 --- [asset-service] [io-8082-exec-10] c.s.asset.mapper.AssetMapper.findById    : ==>  Preparing: SELECT id, user_id, name, balance, version, create_time FROM tb_asset WHERE id = ?
2025-12-10T16:17:56.919+08:00 DEBUG 93653 --- [asset-service] [nio-8082-exec-9] c.s.asset.mapper.AssetMapper.findById    : ==>  Preparing: SELECT id, user_id, name, balance, version, create_time FROM tb_asset WHERE id = ?
2025-12-10T16:17:56.919+08:00 DEBUG 93653 --- [asset-service] [nio-8082-exec-9] c.s.asset.mapper.AssetMapper.findById    : ==> Parameters: 1(Long)
2025-12-10T16:17:56.919+08:00 DEBUG 93653 --- [asset-service] [io-8082-exec-23] c.s.asset.mapper.AssetMapper.findById    : <==      Total: 1
2025-12-10T16:17:56.919+08:00 DEBUG 93653 --- [asset-service] [io-8082-exec-10] c.s.asset.mapper.AssetMapper.findById    : ==> Parameters: 1(Long)
2025-12-10T16:17:56.919+08:00 DEBUG 93653 --- [asset-service] [nio-8082-exec-8] c.s.asset.mapper.AssetMapper.findById    : <==      Total: 1
2025-12-10T16:17:56.921+08:00 DEBUG 93653 --- [asset-service] [nio-8082-exec-9] c.s.asset.mapper.AssetMapper.findById    : <==      Total: 1
2025-12-10T16:17:56.921+08:00 DEBUG 93653 --- [asset-service] [io-8082-exec-22] c.s.asset.mapper.AssetMapper.findById    : <==      Total: 1
2025-12-10T16:17:56.923+08:00 DEBUG 93653 --- [asset-service] [nio-8082-exec-4] c.s.asset.mapper.AssetMapper.findById    : <==      Total: 1
2025-12-10T16:17:56.927+08:00 DEBUG 93653 --- [asset-service] [io-8082-exec-24] c.s.asset.mapper.AssetMapper.findById    : ==>  Preparing: SELECT id, user_id, name, balance, version, create_time FROM tb_asset WHERE id = ?
2025-12-10T16:17:56.927+08:00 DEBUG 93653 --- [asset-service] [io-8082-exec-24] c.s.asset.mapper.AssetMapper.findById    : ==> Parameters: 1(Long)
2025-12-10T16:17:56.928+08:00 DEBUG 93653 --- [asset-service] [nio-8082-exec-9] c.s.asset.mapper.AssetMapper.findById    : ==>  Preparing: SELECT id, user_id, name, balance, version, create_time FROM tb_asset WHERE id = ?
2025-12-10T16:17:56.928+08:00 DEBUG 93653 --- [asset-service] [nio-8082-exec-9] c.s.asset.mapper.AssetMapper.findById    : ==> Parameters: 1(Long)
2025-12-10T16:17:56.929+08:00 DEBUG 93653 --- [asset-service] [io-8082-exec-10] c.s.asset.mapper.AssetMapper.findById    : <==      Total: 1
2025-12-10T16:17:56.931+08:00 DEBUG 93653 --- [asset-service] [nio-8082-exec-9] c.s.asset.mapper.AssetMapper.findById    : <==      Total: 1
2025-12-10T16:17:56.933+08:00 DEBUG 93653 --- [asset-service] [io-8082-exec-24] c.s.asset.mapper.AssetMapper.findById    : <==      Total: 1
2025-12-10T16:17:56.934+08:00 DEBUG 93653 --- [asset-service] [nio-8082-exec-6] c.s.asset.mapper.AssetMapper.findById    : ==>  Preparing: SELECT id, user_id, name, balance, version, create_time FROM tb_asset WHERE id = ?
2025-12-10T16:17:56.935+08:00 DEBUG 93653 --- [asset-service] [nio-8082-exec-6] c.s.asset.mapper.AssetMapper.findById    : ==> Parameters: 1(Long)
2025-12-10T16:17:56.935+08:00 DEBUG 93653 --- [asset-service] [io-8082-exec-10] c.s.asset.mapper.AssetMapper.findById    : ==>  Preparing: SELECT id, user_id, name, balance, version, create_time FROM tb_asset WHERE id = ?
2025-12-10T16:17:56.935+08:00 DEBUG 93653 --- [asset-service] [io-8082-exec-10] c.s.asset.mapper.AssetMapper.findById    : ==> Parameters: 1(Long)
2025-12-10T16:17:56.936+08:00 DEBUG 93653 --- [asset-service] [io-8082-exec-15] c.s.asset.mapper.AssetMapper.findById    : ==>  Preparing: SELECT id, user_id, name, balance, version, create_time FROM tb_asset WHERE id = ?
2025-12-10T16:17:56.936+08:00 DEBUG 93653 --- [asset-service] [io-8082-exec-15] c.s.asset.mapper.AssetMapper.findById    : ==> Parameters: 1(Long)
2025-12-10T16:17:56.936+08:00 DEBUG 93653 --- [asset-service] [io-8082-exec-23] c.s.asset.mapper.AssetMapper.findById    : ==>  Preparing: SELECT id, user_id, name, balance, version, create_time FROM tb_asset WHERE id = ?
2025-12-10T16:17:56.936+08:00 DEBUG 93653 --- [asset-service] [nio-8082-exec-2] c.s.asset.mapper.AssetMapper.findById    : ==>  Preparing: SELECT id, user_id, name, balance, version, create_time FROM tb_asset WHERE id = ?
2025-12-10T16:17:56.937+08:00 DEBUG 93653 --- [asset-service] [io-8082-exec-23] c.s.asset.mapper.AssetMapper.findById    : ==> Parameters: 1(Long)
2025-12-10T16:17:56.937+08:00 DEBUG 93653 --- [asset-service] [nio-8082-exec-2] c.s.asset.mapper.AssetMapper.findById    : ==> Parameters: 1(Long)
2025-12-10T16:17:56.937+08:00 DEBUG 93653 --- [asset-service] [io-8082-exec-10] c.s.asset.mapper.AssetMapper.findById    : <==      Total: 1
2025-12-10T16:17:56.938+08:00 DEBUG 93653 --- [asset-service] [nio-8082-exec-6] c.s.asset.mapper.AssetMapper.findById    : <==      Total: 1
2025-12-10T16:17:56.938+08:00 DEBUG 93653 --- [asset-service] [io-8082-exec-15] c.s.asset.mapper.AssetMapper.findById    : <==      Total: 1
2025-12-10T16:17:56.939+08:00 DEBUG 93653 --- [asset-service] [nio-8082-exec-2] c.s.asset.mapper.AssetMapper.findById    : <==      Total: 1
2025-12-10T16:17:56.941+08:00 DEBUG 93653 --- [asset-service] [io-8082-exec-23] c.s.asset.mapper.AssetMapper.findById    : <==      Total: 1
2025-12-10T16:17:56.944+08:00 DEBUG 93653 --- [asset-service] [nio-8082-exec-8] c.s.asset.mapper.AssetMapper.findById    : ==>  Preparing: SELECT id, user_id, name, balance, version, create_time FROM tb_asset WHERE id = ?
2025-12-10T16:17:56.945+08:00 DEBUG 93653 --- [asset-service] [nio-8082-exec-8] c.s.asset.mapper.AssetMapper.findById    : ==> Parameters: 1(Long)
2025-12-10T16:17:56.946+08:00 DEBUG 93653 --- [asset-service] [nio-8082-exec-4] c.s.asset.mapper.AssetMapper.findById    : ==>  Preparing: SELECT id, user_id, name, balance, version, create_time FROM tb_asset WHERE id = ?
2025-12-10T16:17:56.946+08:00 DEBUG 93653 --- [asset-service] [nio-8082-exec-4] c.s.asset.mapper.AssetMapper.findById    : ==> Parameters: 1(Long)
2025-12-10T16:17:56.948+08:00 DEBUG 93653 --- [asset-service] [io-8082-exec-22] c.s.asset.mapper.AssetMapper.findById    : ==>  Preparing: SELECT id, user_id, name, balance, version, create_time FROM tb_asset WHERE id = ?
2025-12-10T16:17:56.948+08:00 DEBUG 93653 --- [asset-service] [io-8082-exec-22] c.s.asset.mapper.AssetMapper.findById    : ==> Parameters: 1(Long)
2025-12-10T16:17:56.948+08:00 DEBUG 93653 --- [asset-service] [nio-8082-exec-8] c.s.asset.mapper.AssetMapper.findById    : <==      Total: 1
2025-12-10T16:17:56.948+08:00 DEBUG 93653 --- [asset-service] [nio-8082-exec-4] c.s.asset.mapper.AssetMapper.findById    : <==      Total: 1
2025-12-10T16:17:56.950+08:00 DEBUG 93653 --- [asset-service] [io-8082-exec-22] c.s.asset.mapper.AssetMapper.findById    : <==      Total: 1
2025-12-10T16:17:56.954+08:00 DEBUG 93653 --- [asset-service] [io-8082-exec-16] c.s.asset.mapper.AssetMapper.findById    : ==>  Preparing: SELECT id, user_id, name, balance, version, create_time FROM tb_asset WHERE id = ?
2025-12-10T16:17:56.954+08:00 DEBUG 93653 --- [asset-service] [io-8082-exec-16] c.s.asset.mapper.AssetMapper.findById    : ==> Parameters: 1(Long)
2025-12-10T16:17:56.956+08:00 DEBUG 93653 --- [asset-service] [io-8082-exec-16] c.s.asset.mapper.AssetMapper.findById    : <==      Total: 1
2025-12-10T16:23:24.428+08:00  WARN 93653 --- [asset-service] [       Thread-8] c.a.n.common.http.HttpClientBeanHolder   : [HttpClientBeanHolder] Start destroying common HttpClient
2025-12-10T16:23:24.429+08:00  WARN 93653 --- [asset-service] [       Thread-5] c.a.nacos.common.notify.NotifyCenter     : [NotifyCenter] Start destroying Publisher
2025-12-10T16:23:24.429+08:00  WARN 93653 --- [asset-service] [       Thread-8] c.a.n.common.http.HttpClientBeanHolder   : [HttpClientBeanHolder] Destruction of the end
2025-12-10T16:23:24.429+08:00  WARN 93653 --- [asset-service] [       Thread-5] c.a.nacos.common.notify.NotifyCenter     : [NotifyCenter] Destruction of the end
2025-12-10T16:23:24.437+08:00  INFO 93653 --- [asset-service] [ionShutdownHook] c.a.c.n.registry.NacosServiceRegistry    : De-registering from Nacos Server now...
2025-12-10T16:23:24.437+08:00  INFO 93653 --- [asset-service] [ionShutdownHook] com.alibaba.nacos.client.naming          : [DEREGISTER-SERVICE] public deregistering service asset-service with instance: Instance{instanceId='null', ip='10.255.255.254', port=8082, weight=1.0, healthy=true, enabled=true, ephemeral=true, clusterName='DEFAULT', serviceName='null', metadata={}}
2025-12-10T16:23:24.445+08:00  INFO 93653 --- [asset-service] [ionShutdownHook] c.a.c.n.registry.NacosServiceRegistry    : De-registration finished.
2025-12-10T16:23:24.445+08:00  INFO 93653 --- [asset-service] [ionShutdownHook] com.alibaba.nacos.client.naming          : com.alibaba.nacos.client.naming.cache.ServiceInfoHolder do shutdown begin
2025-12-10T16:23:24.445+08:00  INFO 93653 --- [asset-service] [ionShutdownHook] com.alibaba.nacos.client.naming          : com.alibaba.nacos.client.naming.backups.FailoverReactor do shutdown begin
2025-12-10T16:23:24.446+08:00  INFO 93653 --- [asset-service] [ionShutdownHook] com.alibaba.nacos.client.naming          : com.alibaba.nacos.client.naming.backups.FailoverReactor do shutdown stop
2025-12-10T16:23:24.446+08:00  INFO 93653 --- [asset-service] [ionShutdownHook] com.alibaba.nacos.client.naming          : com.alibaba.nacos.client.naming.cache.ServiceInfoHolder do shutdown stop
2025-12-10T16:23:24.446+08:00  INFO 93653 --- [asset-service] [ionShutdownHook] com.alibaba.nacos.client.naming          : com.alibaba.nacos.client.naming.remote.NamingClientProxyDelegate do shutdown begin
2025-12-10T16:23:24.446+08:00  INFO 93653 --- [asset-service] [ionShutdownHook] com.alibaba.nacos.client.naming          : com.alibaba.nacos.client.naming.core.ServiceInfoUpdateService do shutdown begin
2025-12-10T16:23:24.446+08:00  INFO 93653 --- [asset-service] [ionShutdownHook] com.alibaba.nacos.client.naming          : com.alibaba.nacos.client.naming.core.ServiceInfoUpdateService do shutdown stop
2025-12-10T16:23:24.446+08:00  INFO 93653 --- [asset-service] [ionShutdownHook] com.alibaba.nacos.client.naming          : com.alibaba.nacos.client.naming.core.ServerListManager do shutdown begin
2025-12-10T16:23:24.446+08:00  WARN 93653 --- [asset-service] [ionShutdownHook] com.alibaba.nacos.client.naming          : [NamingHttpClientManager] Start destroying NacosRestTemplate
2025-12-10T16:23:24.446+08:00  WARN 93653 --- [asset-service] [ionShutdownHook] com.alibaba.nacos.client.naming          : [NamingHttpClientManager] Destruction of the end
2025-12-10T16:23:24.446+08:00  INFO 93653 --- [asset-service] [ionShutdownHook] com.alibaba.nacos.client.naming          : com.alibaba.nacos.client.naming.core.ServerListManager do shutdown stop
2025-12-10T16:23:24.446+08:00  INFO 93653 --- [asset-service] [ionShutdownHook] com.alibaba.nacos.client.naming          : com.alibaba.nacos.client.naming.remote.http.NamingHttpClientProxy do shutdown begin
2025-12-10T16:23:24.446+08:00  WARN 93653 --- [asset-service] [ionShutdownHook] com.alibaba.nacos.client.naming          : [NamingHttpClientManager] Start destroying NacosRestTemplate
2025-12-10T16:23:24.446+08:00  WARN 93653 --- [asset-service] [ionShutdownHook] com.alibaba.nacos.client.naming          : [NamingHttpClientManager] Destruction of the end
2025-12-10T16:23:24.446+08:00  INFO 93653 --- [asset-service] [ionShutdownHook] com.alibaba.nacos.client.naming          : com.alibaba.nacos.client.naming.remote.http.NamingHttpClientProxy do shutdown stop
2025-12-10T16:23:24.446+08:00  INFO 93653 --- [asset-service] [ionShutdownHook] com.alibaba.nacos.client.naming          : Shutdown naming grpc client proxy for  uuid->17b42352-95f6-4120-b83d-cf9434cdbccc
2025-12-10T16:23:24.446+08:00  INFO 93653 --- [asset-service] [ionShutdownHook] com.alibaba.nacos.client.naming          : Shutdown grpc redo service executor java.util.concurrent.ScheduledThreadPoolExecutor@120d13ae[Running, pool size = 1, active threads = 0, queued tasks = 1, completed tasks = 262]
2025-12-10T16:23:24.446+08:00  INFO 93653 --- [asset-service] [ionShutdownHook] com.alibaba.nacos.common.remote.client   : Shutdown rpc client, set status to shutdown
2025-12-10T16:23:24.446+08:00  INFO 93653 --- [asset-service] [ionShutdownHook] com.alibaba.nacos.common.remote.client   : Shutdown client event executor java.util.concurrent.ScheduledThreadPoolExecutor@4a2653a0[Running, pool size = 2, active threads = 2, queued tasks = 0, completed tasks = 0]
2025-12-10T16:23:24.446+08:00  INFO 93653 --- [asset-service] [ionShutdownHook] com.alibaba.nacos.common.remote.client   : Close current connection 1765354216910_172.21.0.1_53970
2025-12-10T16:23:24.448+08:00  INFO 93653 --- [asset-service] [r-localhost-222] c.a.n.c.remote.client.grpc.GrpcClient    : [1765354216910_172.21.0.1_53970]Ignore complete event,isRunning:false,isAbandon=false
2025-12-10T16:23:24.450+08:00  INFO 93653 --- [asset-service] [ionShutdownHook] c.a.n.c.remote.client.grpc.GrpcClient    : Shutdown grpc executor java.util.concurrent.ThreadPoolExecutor@146add7b[Running, pool size = 6, active threads = 0, queued tasks = 0, completed tasks = 223]
2025-12-10T16:23:24.450+08:00  INFO 93653 --- [asset-service] [ionShutdownHook] com.alibaba.nacos.client.naming          : shutdown and remove naming rpc client  for uuid ->17b42352-95f6-4120-b83d-cf9434cdbccc
2025-12-10T16:23:24.450+08:00  INFO 93653 --- [asset-service] [ionShutdownHook] c.a.n.c.a.r.identify.CredentialWatcher   : [null] CredentialWatcher is stopped
2025-12-10T16:23:24.450+08:00  INFO 93653 --- [asset-service] [ionShutdownHook] c.a.n.c.a.r.identify.CredentialService   : [null] CredentialService is freed
2025-12-10T16:23:24.450+08:00  INFO 93653 --- [asset-service] [ionShutdownHook] com.alibaba.nacos.client.naming          : com.alibaba.nacos.client.naming.remote.NamingClientProxyDelegate do shutdown stop
2025-12-10T16:23:24.452+08:00  INFO 93653 --- [asset-service] [ionShutdownHook] com.zaxxer.hikari.HikariDataSource       : HikariPool-1 - Shutdown initiated...
2025-12-10T16:23:24.457+08:00  INFO 93653 --- [asset-service] [ionShutdownHook] com.zaxxer.hikari.HikariDataSource       : HikariPool-1 - Shutdown completed.
